-- phpMyAdmin SQL Dump
-- version 5.1.1
-- https://www.phpmyadmin.net/
--
-- Host: 127.0.0.1
-- Generation Time: Aug 28, 2025 at 07:59 AM
-- Server version: 10.4.22-MariaDB
-- PHP Version: 8.1.2

SET SQL_MODE = "NO_AUTO_VALUE_ON_ZERO";
START TRANSACTION;
SET time_zone = "+00:00";


/*!40101 SET @OLD_CHARACTER_SET_CLIENT=@@CHARACTER_SET_CLIENT */;
/*!40101 SET @OLD_CHARACTER_SET_RESULTS=@@CHARACTER_SET_RESULTS */;
/*!40101 SET @OLD_COLLATION_CONNECTION=@@COLLATION_CONNECTION */;
/*!40101 SET NAMES utf8mb4 */;

--
-- Database: `roolith_cms`
--

-- --------------------------------------------------------

--
-- Table structure for table `analytics`
--

CREATE TABLE `analytics` (
  `id` int(11) NOT NULL,
  `visitor_id` varchar(32) NOT NULL,
  `session_id` varchar(32) NOT NULL,
  `page_url` varchar(500) NOT NULL,
  `page_title` varchar(200) DEFAULT NULL,
  `referrer` varchar(500) DEFAULT NULL,
  `country` varchar(2) DEFAULT 'US',
  `device` varchar(50) DEFAULT NULL,
  `os` varchar(50) DEFAULT NULL,
  `browser` varchar(50) DEFAULT NULL,
  `ip_address` varchar(45) DEFAULT NULL,
  `user_agent` text DEFAULT NULL,
  `visit_time` datetime DEFAULT current_timestamp()
) ENGINE=InnoDB DEFAULT CHARSET=utf8mb4;

--
-- Dumping data for table `analytics`
--

INSERT INTO `analytics` (`id`, `visitor_id`, `session_id`, `page_url`, `page_title`, `referrer`, `country`, `device`, `os`, `browser`, `ip_address`, `user_agent`, `visit_time`) VALUES
(1, 'ff9aa24c81e44805d8d6c5ac09d5f4ad', 'efe0347f1bc0ba8951aa7da7d5800583', '/admin', NULL, 'http://local.roolith-framework.me/admin/pages/create', 'CA', 'Desktop', 'Windows', 'Chrome', '127.0.0.1', 'Mozilla/5.0 (Windows NT 10.0; Win64; x64) AppleWebKit/537.36 (KHTML, like Gecko) Chrome/135.0.0.0 Safari/537.36 OPR/120.0.0.0', '2025-08-27 16:58:25'),
(2, 'ff9aa24c81e44805d8d6c5ac09d5f4ad', 'efe0347f1bc0ba8951aa7da7d5800583', '/admin', NULL, 'http://local.roolith-framework.me/admin/pages/create', 'CA', 'Desktop', 'Windows', 'Opera', '127.0.0.1', 'Mozilla/5.0 (Windows NT 10.0; Win64; x64) AppleWebKit/537.36 (KHTML, like Gecko) Chrome/135.0.0.0 Safari/537.36 OPR/120.0.0.0', '2025-08-27 17:00:50'),
(3, '7e92d6033d5dbdbef24572741da90cd5', '328aeae7001488d1ab6ebfe10a03be28', '/privacy', 'Privacy Policy', 'https://twitter.com', 'GB', 'Mobile', 'Linux', 'Brave', '142.221.247.28', 'Opera/9.49.(X11; Linux x86_64; fy-DE) Presto/2.9.160 Version/11.00', '2025-03-01 23:04:41'),
(4, 'af30f6a9c9951c94f4973b96c7a4574d', '7eafded34fd6193f8f0531c6f7cb3647', '/', 'Home', NULL, 'GB', 'Tablet', 'Linux', 'Edge', '159.233.26.178', 'Opera/8.77.(X11; Linux i686; lzh-TW) Presto/2.9.181 Version/10.00', '2025-07-20 23:04:41'),
(5, '63ad4b064f69473250b80f1d1a818409', '267bbd5b6021d9bbddc73458e0329d57', '/blog/post2', 'Blog Post 2', 'http://taylor.net/', 'DE', 'Desktop', 'macOS', 'Edge', '54.245.85.138', 'Mozilla/5.0 (iPod; U; CPU iPhone OS 3_3 like Mac OS X; tr-TR) AppleWebKit/533.19.1 (KHTML, like Gecko) Version/3.0.5 Mobile/8B112 Safari/6533.19.1', '2024-11-21 23:04:41'),
(6, '7b8a286266c70f4f37b9b14f2eb2f34a', 'fa5e54963ff070fda2e6449495c6110a', '/blog/post1', 'Blog Post 1', 'http://miller.com/', 'AU', 'Mobile', 'Android', 'Opera', '109.120.160.250', 'Mozilla/5.0 (Windows; U; Windows NT 6.1) AppleWebKit/534.25.3 (KHTML, like Gecko) Version/4.0.5 Safari/534.25.3', '2025-04-09 23:04:41'),
(7, 'b25cd71b3671e61b0270eae91716cf7a', '7444b0991b0094aa92cecb3cbce40fe8', '/about', 'About Us', NULL, 'BR', 'Tablet', 'macOS', 'Edge', '45.30.72.216', 'Mozilla/5.0 (Windows; U; Windows 95) AppleWebKit/534.5.3 (KHTML, like Gecko) Version/5.0.5 Safari/534.5.3', '2024-11-01 23:04:41'),
(8, '42508c4466d07354c7305b68b3bea78f', '9c7f25355f37e8e27db53253f515d5d7', '/products', 'Products', NULL, 'AU', 'Mobile', 'iOS', 'Brave', '207.66.108.174', 'Mozilla/5.0 (Windows CE) AppleWebKit/533.1 (KHTML, like Gecko) Chrome/53.0.819.0 Safari/533.1', '2024-10-11 23:04:41'),
(9, '16fde037abf9902ce09d1097992f8ac4', '33fb0a88b16f5a5113451d8d01851844', '/privacy', 'Privacy Policy', NULL, 'GB', 'Mobile', 'Linux', 'Edge', '58.130.24.87', 'Mozilla/5.0 (Macintosh; U; PPC Mac OS X 10_10_4; rv:1.9.4.20) Gecko/2015-06-11 05:49:05 Firefox/5.0', '2025-04-21 23:04:41'),
(10, '395508a2618bd921b1b4e3a9262b2e68', '8cb1b14914071acd9be08570946c9479', '/products/item1', 'Product Item 1', 'http://www.lam.biz/', 'BR', 'Desktop', 'Linux', 'Safari', '113.6.54.252', 'Mozilla/5.0 (Windows 98) AppleWebKit/534.2 (KHTML, like Gecko) Chrome/26.0.802.0 Safari/534.2', '2025-07-11 23:04:41'),
(11, '8fca59e7bbd25ffbed95f3f7144b87cc', 'b19d869b60d4be2829ad1e889ff225e5', '/products', 'Products', NULL, 'US', 'Desktop', 'macOS', 'Opera', '210.172.54.5', 'Mozilla/5.0 (Android 8.1.0; Mobile; rv:43.0) Gecko/43.0 Firefox/43.0', '2025-06-01 23:04:41'),
(12, '3f880acce15b41cd62c6e83639cd38e3', '25aa9645c532b77986faa40f29268ca5', '/products/item2', 'Product Item 2', 'https://twitter.com', 'US', 'Desktop', 'Android', 'Opera', '178.248.119.246', 'Mozilla/5.0 (Windows; U; Windows NT 5.1) AppleWebKit/532.11.6 (KHTML, like Gecko) Version/4.1 Safari/532.11.6', '2025-04-06 23:04:41'),
(13, 'd390f72943ae5f0d5234d5f98fa5c7f0', 'b8aadac40429e4d030f32ebd3051fbf3', '/privacy', 'Privacy Policy', 'https://twitter.com', 'MX', 'Tablet', 'macOS', 'Opera', '223.176.11.155', 'Mozilla/5.0 (compatible; MSIE 8.0; Windows NT 4.0; Trident/5.0)', '2024-09-05 23:04:41'),
(14, '6b3fd724ea8df6f7a434ae8f3d00f7f8', '61f7929111718678bd521a9ab4316185', '/about', 'About Us', 'https://google.com', 'IN', 'Tablet', 'Linux', 'Firefox', '171.242.186.138', 'Mozilla/5.0 (compatible; MSIE 7.0; Windows 98; Trident/3.1)', '2025-05-10 23:04:41'),
(15, '6680750b95a3f9d231f2dd18707d4ba2', '13a7261c1f6c312bb679a2bc9118d0ed', '/products', 'Products', 'https://twitter.com', 'DE', 'Desktop', 'Windows', 'Firefox', '217.59.1.213', 'Mozilla/5.0 (Windows; U; Windows NT 5.0) AppleWebKit/531.7.3 (KHTML, like Gecko) Version/5.0.5 Safari/531.7.3', '2024-12-01 23:04:41'),
(16, '1b5c04077effa53cb845361753bb491b', 'f26f246d6402d5aafe99955bb50ce0ae', '/blog/post1', 'Blog Post 1', 'https://google.com', 'GB', 'Tablet', 'Linux', 'Firefox', '87.63.56.91', 'Mozilla/5.0 (compatible; MSIE 5.0; Windows NT 6.1; Trident/5.0)', '2024-09-02 23:04:41'),
(17, '014d808534987adb90e1ccd442bc1d13', '573a8ae3e67e94163f1b4bbf2eaca1b5', '/blog/post1', 'Blog Post 1', 'https://www.watson.com/', 'DE', 'Mobile', 'macOS', 'Edge', '2.100.24.243', 'Opera/9.97.(Windows NT 4.0; bem-ZM) Presto/2.9.164 Version/12.00', '2025-01-08 23:04:41'),
(18, '9e97cfa08724124e3ede0202c3add00d', '96e584dca2cd8102b26b910fb819a5dc', '/about', 'About Us', 'https://facebook.com', 'GB', 'Mobile', 'iOS', 'Zen', '213.188.212.67', 'Mozilla/5.0 (Linux; Android 4.0.3) AppleWebKit/535.0 (KHTML, like Gecko) Chrome/18.0.809.0 Safari/535.0', '2025-02-19 23:04:41'),
(19, '2841cf9cb7091434a2bc09d5a70e47b6', '7cf40ad8aba32796ce66edecd8ffdf08', '/products/item1', 'Product Item 1', 'https://www.smith-taylor.org/', 'DE', 'Mobile', 'macOS', 'Brave', '121.136.51.216', 'Mozilla/5.0 (compatible; MSIE 6.0; Windows NT 4.0; Trident/3.0)', '2025-02-19 23:04:41'),
(20, 'fee7bc95d379462d0a7d66c3d26318dd', 'eb5ca20314c1c9b7424a7558474073e0', '/faq', 'FAQ', 'https://facebook.com', 'FR', 'Mobile', 'Android', 'Edge', '200.184.103.71', 'Mozilla/5.0 (Windows; U; Windows NT 6.2) AppleWebKit/532.39.2 (KHTML, like Gecko) Version/5.1 Safari/532.39.2', '2025-05-09 23:04:41'),
(21, '8d8247053cc2aca77f4fd14fbf578665', 'd1bc9ad4b5e22211d26ed26526e9e46f', '/blog/post2', 'Blog Post 2', 'https://google.com', 'DE', 'Tablet', 'Android', 'Safari', '200.39.72.196', 'Mozilla/5.0 (Linux; Android 2.3.6) AppleWebKit/536.2 (KHTML, like Gecko) Chrome/31.0.891.0 Safari/536.2', '2025-08-03 23:04:41'),
(22, '44d1deb3fe35bff7692c8ef214496a3c', '9cd5f5743606ab83d5430de1e6e1c620', '/blog/post2', 'Blog Post 2', NULL, 'DE', 'Mobile', 'macOS', 'Edge', '149.253.74.58', 'Mozilla/5.0 (Windows NT 6.2) AppleWebKit/531.2 (KHTML, like Gecko) Chrome/51.0.876.0 Safari/531.2', '2024-12-03 23:04:41'),
(23, 'ccd45778e04ec2925bc01c39322526c4', '8dc5f6dd309c4fe04303327e55ace006', '/products/item2', 'Product Item 2', NULL, 'IN', 'Tablet', 'iOS', 'Brave', '199.63.250.213', 'Mozilla/5.0 (compatible; MSIE 8.0; Windows NT 10.0; Trident/3.1)', '2024-09-01 23:04:41'),
(24, '6d26ba5018372a846c553015f3640d67', 'bfc5e14da598d8d1483f1828c9d5508d', '/contact', 'Contact', NULL, 'JP', 'Mobile', 'Android', 'Opera', '223.202.33.133', 'Mozilla/5.0 (Windows; U; Windows NT 4.0) AppleWebKit/531.35.3 (KHTML, like Gecko) Version/5.0.4 Safari/531.35.3', '2024-11-07 23:04:41'),
(25, '7b0f5c18791c9e2945c0efa2589e4794', '832398dc0b670eff7da304902ded85a9', '/faq', 'FAQ', 'https://google.com', 'CA', 'Desktop', 'iOS', 'Safari', '150.59.240.19', 'Mozilla/5.0 (Macintosh; Intel Mac OS X 10_6_9 rv:4.0; ia-FR) AppleWebKit/532.15.2 (KHTML, like Gecko) Version/5.0.2 Safari/532.15.2', '2025-01-28 23:04:41'),
(26, 'c64a5312ebd53dbd4e9176fa351e5f35', '44f6a840c500fa18de14aa1b8541a7ad', '/', 'Home', 'https://twitter.com', 'MX', 'Desktop', 'Linux', 'Chrome', '205.202.217.119', 'Mozilla/5.0 (Windows NT 5.01; zh-CN; rv:1.9.2.20) Gecko/2015-02-10 01:25:09 Firefox/3.8', '2025-04-19 23:04:41'),
(27, 'ef501c0b898657e4e2696a04b3ec157b', '2ca42bb4bb15522764779b95f184fba4', '/blog/post2', 'Blog Post 2', NULL, 'AU', 'Desktop', 'macOS', 'Chrome', '192.107.47.17', 'Opera/8.81.(X11; Linux x86_64; lzh-TW) Presto/2.9.166 Version/11.00', '2024-09-25 23:04:41'),
(28, '8cfa69dcc7ebc132f14c6d17d81bf409', '90d7078b75ca914a874966304b4bb190', '/', 'Home', NULL, 'DE', 'Mobile', 'Linux', 'Zen', '179.42.242.0', 'Mozilla/5.0 (Macintosh; U; PPC Mac OS X 10_5_5) AppleWebKit/531.2 (KHTML, like Gecko) Chrome/16.0.818.0 Safari/531.2', '2024-12-12 23:04:41'),
(29, '0cb5b6beb138979b1d8db40a0fd43b16', '75735aebadda6818a0e602c14ade43ec', '/contact', 'Contact', 'https://google.com', 'AU', 'Desktop', 'Linux', 'Edge', '158.30.112.16', 'Mozilla/5.0 (Macintosh; U; Intel Mac OS X 10_12_0 rv:5.0; nr-ZA) AppleWebKit/535.36.1 (KHTML, like Gecko) Version/5.0.4 Safari/535.36.1', '2024-09-15 23:04:41'),
(30, '3c17997d80dac1363263b0e31a3b2f74', 'be490227ed7a4f1154c48e10749e7481', '/privacy', 'Privacy Policy', 'http://crawford.com/', 'BR', 'Tablet', 'Linux', 'Firefox', '50.197.11.245', 'Mozilla/5.0 (iPad; CPU iPad OS 10_3_3 like Mac OS X) AppleWebKit/533.0 (KHTML, like Gecko) FxiOS/9.2p2831.0 Mobile/90Z317 Safari/533.0', '2025-05-02 23:04:41'),
(31, '81384dab7dd7e6f28cd029947446a66a', '22909e1b045c05f1bdcbbd13de647cb6', '/contact', 'Contact', 'https://google.com', 'MX', 'Tablet', 'Linux', 'Zen', '154.209.107.221', 'Opera/8.56.(Windows NT 4.0; hak-TW) Presto/2.9.177 Version/12.00', '2025-08-11 23:04:41'),
(32, 'bf8742a21a632fab164660e10512f3f1', 'fc07e5ffd07fe9a46254c7a1b7c0e2ed', '/contact', 'Contact', NULL, 'AU', 'Mobile', 'iOS', 'Chrome', '205.25.214.111', 'Opera/9.16.(Windows 98; Win 9x 4.90; ce-RU) Presto/2.9.184 Version/11.00', '2025-08-06 23:04:41'),
(33, '7b707f051271c374dcddbab6994f0a52', '49d272c1aa8ddd28bd53dbecaf4a9687', '/about', 'About Us', 'https://google.com', 'JP', 'Desktop', 'macOS', 'Zen', '117.255.182.26', 'Mozilla/5.0 (compatible; MSIE 5.0; Windows 95; Trident/3.1)', '2024-09-11 23:04:41'),
(34, 'bad2979a4bfa7ba0673e7f162203313f', '93747d77dff09ce9cc3344a7af8a308a', '/faq', 'FAQ', NULL, 'MX', 'Mobile', 'Linux', 'Brave', '201.28.249.250', 'Mozilla/5.0 (Windows NT 6.1; ht-HT; rv:1.9.2.20) Gecko/2021-01-26 11:29:56 Firefox/3.8', '2025-08-18 23:04:41'),
(35, '278b74c86649f75e78b0925a47eb5870', '2798d3cad7ecf1beff66d92f1b8bcfc4', '/blog/post2', 'Blog Post 2', 'https://google.com', 'AU', 'Desktop', 'Android', 'Safari', '169.29.200.189', 'Mozilla/5.0 (Android 2.2.1; Mobile; rv:63.0) Gecko/63.0 Firefox/63.0', '2025-02-12 23:04:41'),
(36, '7a38178f424a962accf1f36f3a1c0ea7', 'e68f3b3b936ae43f5937298665907016', '/contact', 'Contact', 'https://www.duncan.com/', 'JP', 'Desktop', 'iOS', 'Opera', '49.255.83.37', 'Mozilla/5.0 (Windows; U; Windows 98; Win 9x 4.90) AppleWebKit/532.15.5 (KHTML, like Gecko) Version/5.1 Safari/532.15.5', '2024-09-23 23:04:41'),
(37, 'b75073dbefdbab9e143ef99aaea48c71', '0c1cb1f54dd53e8938845331b2518c1d', '/faq', 'FAQ', 'https://twitter.com', 'DE', 'Desktop', 'Windows', 'Firefox', '34.117.18.95', 'Opera/9.46.(X11; Linux x86_64; gez-ER) Presto/2.9.178 Version/10.00', '2025-04-14 23:04:41'),
(38, 'c9c61f698a080369e3c5c71542180145', '1ad6fbbe82f7d02ccaaa5960f23489fc', '/privacy', 'Privacy Policy', NULL, 'BR', 'Desktop', 'Android', 'Brave', '64.225.227.125', 'Mozilla/5.0 (iPhone; CPU iPhone OS 12_4_8 like Mac OS X) AppleWebKit/532.1 (KHTML, like Gecko) CriOS/42.0.843.0 Mobile/87L721 Safari/532.1', '2025-04-14 23:04:41'),
(39, 'd8ea165c43524eec31d7ba19bc7d198b', '2ede2ed7157b3077ca2d53e185874855', '/products/item2', 'Product Item 2', 'http://www.brown.net/', 'GB', 'Mobile', 'Android', 'Chrome', '194.51.218.223', 'Mozilla/5.0 (Macintosh; U; Intel Mac OS X 10_5_8; rv:1.9.5.20) Gecko/2016-03-03 17:39:47 Firefox/5.0', '2025-03-09 23:04:41'),
(40, '2e98b5513772861274dc6bc8301db673', '508981ba3be6b565a4ab23d3b8cd92ff', '/products', 'Products', 'http://www.floyd-carter.com/', 'AU', 'Tablet', 'macOS', 'Safari', '177.221.176.29', 'Mozilla/5.0 (Windows 98) AppleWebKit/536.0 (KHTML, like Gecko) Chrome/52.0.868.0 Safari/536.0', '2025-01-21 23:04:41'),
(41, '493ffb0e50ca169b756fd07e63ba686a', '92d57cd1dddce0d4c21c9655da41d5bd', '/blog/post1', 'Blog Post 1', 'https://twitter.com', 'JP', 'Tablet', 'macOS', 'Chrome', '145.78.233.6', 'Opera/8.92.(X11; Linux i686; kn-IN) Presto/2.9.180 Version/10.00', '2025-06-14 23:04:41'),
(42, '732461e1531e2f98d7be7d8924578ca6', 'deaaff74d4cb8a6fcb0bf02323e1c034', '/about', 'About Us', NULL, 'BR', 'Desktop', 'Linux', 'Firefox', '41.168.210.140', 'Mozilla/5.0 (Windows NT 6.1) AppleWebKit/531.1 (KHTML, like Gecko) Chrome/17.0.835.0 Safari/531.1', '2024-10-11 23:04:41'),
(43, '084342dadc18052c0c0e2c52b882a8f2', '2abaa5c754a64593fff5f51188bc2519', '/blog/post1', 'Blog Post 1', 'https://google.com', 'CA', 'Mobile', 'Windows', 'Chrome', '196.244.99.158', 'Mozilla/5.0 (compatible; MSIE 8.0; Windows NT 6.1; Trident/4.1)', '2025-03-20 23:04:41'),
(44, '8d93a63373c5dc475331d99cf1d50cad', 'ffaa8bd4335765deaef0008da6913ae9', '/products', 'Products', 'https://facebook.com', 'FR', 'Desktop', 'Android', 'Safari', '172.191.74.223', 'Mozilla/5.0 (X11; Linux x86_64) AppleWebKit/535.2 (KHTML, like Gecko) Chrome/47.0.893.0 Safari/535.2', '2024-12-07 23:04:41'),
(45, 'f0529b9880cac293d1a420d3e82c52ea', '1e9e25a09a5dba686d8686cd3e7b816b', '/products', 'Products', 'https://twitter.com', 'JP', 'Mobile', 'Android', 'Chrome', '63.29.66.158', 'Mozilla/5.0 (iPad; CPU iPad OS 14_2 like Mac OS X) AppleWebKit/536.0 (KHTML, like Gecko) FxiOS/18.1n7218.0 Mobile/75L844 Safari/536.0', '2024-11-26 23:04:41'),
(46, '05a73b53e8846a439a38faa1cbcebe3f', '11b314ed12e2c3f9540a46bc4d2e05b3', '/', 'Home', 'http://freeman.com/', 'IN', 'Tablet', 'macOS', 'Firefox', '153.42.255.69', 'Mozilla/5.0 (compatible; MSIE 5.0; Windows NT 5.1; Trident/4.1)', '2025-06-12 23:04:41'),
(47, 'd3038e85c138180dec798410300d43cb', 'ac7349bad528961b48a2bc44cee5add0', '/products', 'Products', 'https://facebook.com', 'JP', 'Tablet', 'macOS', 'Edge', '151.126.7.31', 'Mozilla/5.0 (Windows; U; Windows NT 5.2) AppleWebKit/532.24.5 (KHTML, like Gecko) Version/5.0.1 Safari/532.24.5', '2024-10-01 23:04:41'),
(48, '734490eeb2bdb66f3a1158a6afe3ca15', 'd69e2006c7d023c5bfa419afcc0a41a6', '/blog/post1', 'Blog Post 1', NULL, 'JP', 'Desktop', 'Linux', 'Safari', '206.237.145.67', 'Mozilla/5.0 (Macintosh; Intel Mac OS X 10_5_4 rv:5.0; kn-IN) AppleWebKit/532.14.4 (KHTML, like Gecko) Version/4.1 Safari/532.14.4', '2025-07-01 23:04:41'),
(49, '7e9de734f08dde7e387e51b89d0bc27c', '1eb4c6693da8ad821d800f4c99b52958', '/products/item2', 'Product Item 2', 'https://watson.com/', 'BR', 'Mobile', 'Linux', 'Firefox', '200.115.164.119', 'Mozilla/5.0 (iPod; U; CPU iPhone OS 3_0 like Mac OS X; nds-NL) AppleWebKit/534.38.1 (KHTML, like Gecko) Version/3.0.5 Mobile/8B113 Safari/6534.38.1', '2025-06-13 23:04:41'),
(50, 'cbb75045cee2fbc0fb019d2667a86bd9', '36a89d733fb585b85f27de3e5a3d52a5', '/privacy', 'Privacy Policy', 'https://twitter.com', 'MX', 'Mobile', 'Linux', 'Safari', '89.137.165.95', 'Mozilla/5.0 (compatible; MSIE 5.0; Windows NT 10.0; Trident/3.1)', '2024-09-04 23:04:41'),
(51, '390daf2c0d6f27638432f45dd24e827e', 'ed02aca0cf6d71d954883d760f4bc402', '/blog/post1', 'Blog Post 1', NULL, 'IN', 'Mobile', 'Android', 'Edge', '150.192.195.47', 'Opera/9.10.(X11; Linux x86_64; sq-ML) Presto/2.9.172 Version/10.00', '2024-11-27 23:04:41'),
(52, '35c5af7c697529350d469b4d71897637', 'a794d0d5b507990a9a2cad7e98123fd2', '/privacy', 'Privacy Policy', 'https://facebook.com', 'FR', 'Desktop', 'Windows', 'Opera', '199.19.75.60', 'Opera/8.33.(Windows NT 4.0; sl-SI) Presto/2.9.165 Version/11.00', '2025-06-26 23:04:41'),
(53, '51dc753db978d742da7016c069257be1', '1d4dba5afaebcd59817bbf2ec799f1bd', '/faq', 'FAQ', NULL, 'DE', 'Tablet', 'macOS', 'Brave', '142.35.26.70', 'Mozilla/5.0 (iPod; U; CPU iPhone OS 3_3 like Mac OS X; en-AU) AppleWebKit/533.31.6 (KHTML, like Gecko) Version/3.0.5 Mobile/8B116 Safari/6533.31.6', '2025-04-26 23:04:41'),
(54, 'b3c4c6709bc943327e1a77ec288636ff', 'f9c32453e07f69075bb85f7fd5e629cd', '/products/item1', 'Product Item 1', 'https://facebook.com', 'US', 'Desktop', 'Android', 'Firefox', '219.102.178.161', 'Mozilla/5.0 (X11; Linux x86_64) AppleWebKit/536.0 (KHTML, like Gecko) Chrome/20.0.890.0 Safari/536.0', '2025-06-19 23:04:41'),
(55, '86664cada1408f01af1e048b77b300db', 'fb0f9177968a8e2abf50a50390d8bf5d', '/faq', 'FAQ', 'https://twitter.com', 'DE', 'Tablet', 'macOS', 'Brave', '173.103.201.37', 'Mozilla/5.0 (Linux; Android 5.1) AppleWebKit/531.2 (KHTML, like Gecko) Chrome/21.0.800.0 Safari/531.2', '2024-12-27 23:04:41'),
(56, 'e00955a6a5b7b019f6e6fa6a5469483d', '311598f34af25a52cedb353c74de4bb0', '/products/item1', 'Product Item 1', NULL, 'AU', 'Desktop', 'Windows', 'Brave', '202.13.182.246', 'Mozilla/5.0 (compatible; MSIE 9.0; Windows NT 10.0; Trident/5.0)', '2025-05-14 23:04:41'),
(57, 'eb73ebf01873ccb766c5f506bf317142', 'c29e66ede7ba23a1938c2d7e99706dfa', '/blog/post1', 'Blog Post 1', 'https://www.gray.net/', 'GB', 'Mobile', 'Android', 'Edge', '27.201.43.253', 'Mozilla/5.0 (Macintosh; Intel Mac OS X 10_7_6 rv:3.0; hak-TW) AppleWebKit/534.27.4 (KHTML, like Gecko) Version/5.0.4 Safari/534.27.4', '2024-11-21 23:04:41'),
(58, 'c7e8a5b497f35334bbf61754ace62677', '02eb1879361d304f243db43234e6fca0', '/products/item2', 'Product Item 2', 'https://www.adams-lee.com/', 'BR', 'Tablet', 'Android', 'Safari', '209.235.253.251', 'Mozilla/5.0 (Windows; U; Windows NT 5.0) AppleWebKit/532.11.6 (KHTML, like Gecko) Version/5.0.1 Safari/532.11.6', '2024-10-26 23:04:41'),
(59, 'f5786844eb85c1e2959af125a5e8299b', '36eff2beb02398282d1e1ee84dfaa8cf', '/contact', 'Contact', NULL, 'JP', 'Desktop', 'Linux', 'Safari', '185.121.62.37', 'Mozilla/5.0 (Windows; U; Windows 98) AppleWebKit/531.24.5 (KHTML, like Gecko) Version/4.0.4 Safari/531.24.5', '2025-03-06 23:04:41'),
(60, 'd6927183d04fce28a970b53f13436db6', '36f98ab1e72d80e88e8905d5f463ffed', '/blog/post2', 'Blog Post 2', 'http://www.davis.net/', 'CA', 'Tablet', 'Android', 'Chrome', '76.177.114.38', 'Mozilla/5.0 (iPad; CPU iPad OS 5_1_1 like Mac OS X) AppleWebKit/533.2 (KHTML, like Gecko) CriOS/35.0.854.0 Mobile/25N801 Safari/533.2', '2024-11-24 23:04:41'),
(61, '226f2a78ad477ee9926512bc0b52aa26', '2cada690619eca8f3b733cd4dffb8259', '/contact', 'Contact', 'https://rodriguez-hale.net/', 'IN', 'Desktop', 'Linux', 'Chrome', '201.110.216.73', 'Mozilla/5.0 (X11; Linux x86_64) AppleWebKit/535.1 (KHTML, like Gecko) Chrome/58.0.819.0 Safari/535.1', '2025-07-27 23:04:41'),
(62, '6c86cd65883bde12d749310c6b3e1b24', '75d8735dfdd4ad1b1f8e147cb2ff2a02', '/blog/post1', 'Blog Post 1', 'https://facebook.com', 'DE', 'Mobile', 'Windows', 'Edge', '195.159.52.33', 'Mozilla/5.0 (Android 1.5; Mobile; rv:54.0) Gecko/54.0 Firefox/54.0', '2024-09-10 23:04:41'),
(63, '4caee2ae6cfd4da74bb3ef9341609eea', 'f337492580c9045d80e28469db57f835', '/products', 'Products', 'https://york.com/', 'CA', 'Mobile', 'Windows', 'Zen', '196.44.250.157', 'Mozilla/5.0 (Windows; U; Windows NT 5.0) AppleWebKit/531.29.2 (KHTML, like Gecko) Version/5.1 Safari/531.29.2', '2024-10-22 23:04:41'),
(64, 'cf4cb5c6e28241fc49d281bd0eda68a0', '7ce5e95023072f67f237ef9545cc8039', '/products/item1', 'Product Item 1', 'https://facebook.com', 'FR', 'Tablet', 'Linux', 'Zen', '80.6.142.193', 'Mozilla/5.0 (Macintosh; U; Intel Mac OS X 10_9_6 rv:3.0; sq-ML) AppleWebKit/531.9.1 (KHTML, like Gecko) Version/4.0 Safari/531.9.1', '2025-08-12 23:04:41'),
(65, '4dfe96c5e08cce5a96a44d1fe264e497', 'ef523abc211e371b71cae0bbf8f2a97a', '/privacy', 'Privacy Policy', 'https://twitter.com', 'CA', 'Desktop', 'Android', 'Opera', '195.81.21.46', 'Opera/9.34.(Windows NT 5.1; ss-ZA) Presto/2.9.184 Version/10.00', '2025-01-24 23:04:41'),
(66, '4c6b9b98ba3bf4b71e9cdd54633f0f33', 'd0fff06fe4a89565d44fcd1521a9da01', '/privacy', 'Privacy Policy', 'https://twitter.com', 'US', 'Tablet', 'iOS', 'Firefox', '195.161.129.213', 'Mozilla/5.0 (compatible; MSIE 5.0; Windows NT 5.0; Trident/3.0)', '2024-10-29 23:04:41'),
(67, '7e1bb0bbe2a0d5340923159bad68e548', '49e4b4f3da7ef96362933e340993e310', '/', 'Home', 'https://facebook.com', 'GB', 'Tablet', 'Windows', 'Chrome', '111.65.19.24', 'Mozilla/5.0 (Macintosh; U; PPC Mac OS X 10_12_7 rv:5.0; ve-ZA) AppleWebKit/535.16.7 (KHTML, like Gecko) Version/4.0 Safari/535.16.7', '2025-01-20 23:04:41'),
(68, '0a819cda078e0bfd21e03e117f2d48e0', '0ae20b588265fde8c084fdd50ec95310', '/blog/post1', 'Blog Post 1', 'https://google.com', 'FR', 'Mobile', 'Linux', 'Opera', '136.17.246.61', 'Mozilla/5.0 (iPod; U; CPU iPhone OS 3_1 like Mac OS X; zh-SG) AppleWebKit/531.19.3 (KHTML, like Gecko) Version/3.0.5 Mobile/8B117 Safari/6531.19.3', '2024-12-11 23:04:41'),
(69, '791f112932138fbe5db86d2c9ccda7f7', '055debddb3aab1c58bad6747f78bb8dc', '/privacy', 'Privacy Policy', NULL, 'AU', 'Mobile', 'Windows', 'Opera', '81.230.155.52', 'Mozilla/5.0 (X11; Linux x86_64; rv:1.9.6.20) Gecko/2016-11-25 02:08:03 Firefox/15.0', '2025-01-27 23:04:41'),
(70, '1c65041cb81e5f50950b94e0b2490a85', '2941707d7d73db0cd515e77bf0ddb89f', '/products/item1', 'Product Item 1', 'https://google.com', 'DE', 'Desktop', 'Windows', 'Chrome', '188.92.75.186', 'Mozilla/5.0 (iPod; U; CPU iPhone OS 4_0 like Mac OS X; zh-HK) AppleWebKit/534.11.4 (KHTML, like Gecko) Version/4.0.5 Mobile/8B116 Safari/6534.11.4', '2024-09-23 23:04:41'),
(71, 'f60c23f373f3dac3a0d3819bb4c15ced', '5b1e31d231dfc3815ac80d069f6113f1', '/blog/post1', 'Blog Post 1', NULL, 'IN', 'Desktop', 'macOS', 'Safari', '219.158.22.6', 'Mozilla/5.0 (X11; Linux i686) AppleWebKit/532.0 (KHTML, like Gecko) Chrome/48.0.881.0 Safari/532.0', '2025-04-29 23:04:41'),
(72, '7a1db58a618dfafd3ebedf99b8937bf9', '86884649b4d3f07cbf2c44d4d1551c31', '/about', 'About Us', 'https://twitter.com', 'GB', 'Mobile', 'macOS', 'Zen', '195.250.181.187', 'Opera/8.75.(X11; Linux x86_64; gv-GB) Presto/2.9.170 Version/12.00', '2024-10-18 23:04:41'),
(73, 'c42da2b316aeb3bdce9cddb8c42cf44f', '1dee56697bda90fa859314700d7a4677', '/blog/post1', 'Blog Post 1', NULL, 'GB', 'Desktop', 'Linux', 'Zen', '164.149.175.179', 'Mozilla/5.0 (compatible; MSIE 6.0; Windows 98; Win 9x 4.90; Trident/4.0)', '2025-08-25 23:04:41'),
(74, 'a9c0c9cd31c31e10391bc905b7220878', '363faa6188de5dd93051d5b64a9f6107', '/products/item2', 'Product Item 2', 'http://www.parker-hernandez.com/', 'GB', 'Mobile', 'iOS', 'Chrome', '167.21.124.176', 'Mozilla/5.0 (compatible; MSIE 9.0; Windows NT 4.0; Trident/5.1)', '2025-02-24 23:04:41'),
(75, '64e870d787b91fa3eba939c70287ec8a', '4cd862aa3888d891afcb38205bef52eb', '/faq', 'FAQ', 'https://facebook.com', 'US', 'Desktop', 'Windows', 'Firefox', '32.94.53.213', 'Mozilla/5.0 (Windows NT 4.0) AppleWebKit/532.2 (KHTML, like Gecko) Chrome/13.0.808.0 Safari/532.2', '2025-07-01 23:04:41'),
(76, 'bcc7171cf3bec71cba03efe1233b9949', 'a788476360b8d29ebc1f09ce1a4dd3d8', '/products', 'Products', 'https://google.com', 'FR', 'Mobile', 'Linux', 'Zen', '167.185.163.36', 'Mozilla/5.0 (Windows; U; Windows 98; Win 9x 4.90) AppleWebKit/533.39.4 (KHTML, like Gecko) Version/4.1 Safari/533.39.4', '2025-08-16 23:04:41'),
(77, 'd5877301f501c6dce8a00a776f3a3365', '7968fc4478264c32b230d44a413d3735', '/contact', 'Contact', 'http://ramos-harrington.com/', 'AU', 'Tablet', 'Windows', 'Chrome', '159.230.21.86', 'Opera/9.90.(X11; Linux x86_64; en-AG) Presto/2.9.169 Version/12.00', '2024-09-28 23:04:41'),
(78, 'd6e1883ba855ff0c397d92f803462763', 'e59e11a1b5885d633d7ae6a232ef5380', '/faq', 'FAQ', 'https://google.com', 'GB', 'Mobile', 'macOS', 'Firefox', '187.156.170.214', 'Mozilla/5.0 (X11; Linux x86_64) AppleWebKit/533.2 (KHTML, like Gecko) Chrome/39.0.858.0 Safari/533.2', '2025-02-26 23:04:41'),
(79, 'd4d6caa401908cb7601d299c94a8c249', '2f5e7c430700f1c890cf25d2985201ec', '/privacy', 'Privacy Policy', NULL, 'CA', 'Desktop', 'Linux', 'Firefox', '198.70.124.166', 'Mozilla/5.0 (X11; Linux x86_64; rv:1.9.6.20) Gecko/2015-01-16 19:34:55 Firefox/3.6.19', '2025-02-22 23:04:41'),
(80, '97a8eed718e35e8c2c4ae890ee4ec70a', 'd4bfe463b7125bea17a4fc5081169b71', '/privacy', 'Privacy Policy', 'http://gomez.com/', 'CA', 'Desktop', 'Windows', 'Opera', '177.54.41.169', 'Opera/9.64.(X11; Linux i686; yi-US) Presto/2.9.164 Version/12.00', '2024-11-06 23:04:41'),
(81, '6fde501505581047f2435973445c1934', '04ac939239d9940b67dcb5772aebbfc7', '/blog/post2', 'Blog Post 2', 'https://twitter.com', 'BR', 'Mobile', 'Linux', 'Chrome', '45.250.253.78', 'Mozilla/5.0 (X11; Linux i686; rv:1.9.7.20) Gecko/2024-10-27 17:48:28 Firefox/11.0', '2025-05-04 23:04:41'),
(82, '99ca5aa9f8de06041ac3234c8440494e', 'c46a6ebec63f2d1dc4d125e429582d02', '/faq', 'FAQ', 'https://facebook.com', 'US', 'Desktop', 'Windows', 'Brave', '137.107.236.81', 'Mozilla/5.0 (iPhone; CPU iPhone OS 9_3_6 like Mac OS X) AppleWebKit/536.2 (KHTML, like Gecko) FxiOS/9.0l1330.0 Mobile/80I378 Safari/536.2', '2025-03-27 23:04:41'),
(83, '22c31d15a6d2a2d3ecb5f0a8719c6f26', 'e35b11da7cbe37f942c781af8c8f96e4', '/about', 'About Us', 'https://twitter.com', 'BR', 'Desktop', 'Windows', 'Zen', '216.119.89.105', 'Mozilla/5.0 (X11; Linux x86_64; rv:1.9.5.20) Gecko/2021-02-02 19:53:51 Firefox/3.8', '2025-03-30 23:04:41'),
(84, '7400f436556f438f38c6c7faf1fe7a6f', '3c3548e15409b01ec6fd35f9fa7a81fc', '/blog/post1', 'Blog Post 1', NULL, 'GB', 'Desktop', 'macOS', 'Zen', '130.72.227.213', 'Mozilla/5.0 (Windows CE; el-GR; rv:1.9.1.20) Gecko/2022-11-09 17:43:39 Firefox/10.0', '2025-08-15 23:04:41'),
(85, 'dd6cce3a31a9627cba7c5721a61b3ab7', 'c68a09b72097eef6eab3182edc25cf42', '/', 'Home', 'https://mullen.org/', 'DE', 'Desktop', 'iOS', 'Opera', '174.40.198.37', 'Mozilla/5.0 (compatible; MSIE 7.0; Windows NT 6.0; Trident/5.1)', '2024-09-04 23:04:41'),
(86, '31116cbfcdfedfc9ac704398e8a1361e', '2bb29576eee87d4a61cb9ffcf95e52d8', '/products', 'Products', 'https://facebook.com', 'US', 'Tablet', 'Linux', 'Edge', '145.201.112.236', 'Mozilla/5.0 (Windows NT 10.0) AppleWebKit/534.0 (KHTML, like Gecko) Chrome/42.0.890.0 Safari/534.0', '2025-08-05 23:04:41'),
(87, 'bed7414c6f2fe100693a5405499602fd', '46a1ef361eeeca91731fea5fa8c93d67', '/products/item2', 'Product Item 2', 'https://facebook.com', 'DE', 'Tablet', 'iOS', 'Opera', '6.87.176.199', 'Mozilla/5.0 (compatible; MSIE 9.0; Windows NT 5.2; Trident/5.1)', '2025-08-24 23:04:41'),
(88, '8fc302d92f8fdf7f592c150c5efdc87e', 'd851aa61d9f01ddfed8370e61d32638c', '/products/item1', 'Product Item 1', 'https://facebook.com', 'JP', 'Tablet', 'iOS', 'Edge', '202.86.68.96', 'Mozilla/5.0 (Windows; U; Windows NT 10.0) AppleWebKit/535.16.3 (KHTML, like Gecko) Version/5.0 Safari/535.16.3', '2025-06-20 23:04:41'),
(89, 'eaeb287876af34e1bb3d217a670ab460', '19efbf106e3d40be0d8e5871a3743c4b', '/faq', 'FAQ', 'https://google.com', 'MX', 'Desktop', 'Linux', 'Edge', '198.16.144.125', 'Mozilla/5.0 (compatible; MSIE 6.0; Windows NT 5.0; Trident/5.0)', '2025-05-29 23:04:41'),
(90, '63758176a6594b1c4501774f4633ad3d', 'b7adac1917375cb4c8839dfda3e5d392', '/products/item2', 'Product Item 2', 'https://facebook.com', 'IN', 'Tablet', 'iOS', 'Zen', '215.251.10.64', 'Mozilla/5.0 (Android 1.5; Mobile; rv:31.0) Gecko/31.0 Firefox/31.0', '2024-12-13 23:04:41'),
(91, '8185059525560876b24b7378b02774c6', '1b19d246ebadde3f1ac3e40dd2e189d6', '/privacy', 'Privacy Policy', 'https://www.hill-holmes.com/', 'CA', 'Tablet', 'iOS', 'Safari', '151.183.67.177', 'Opera/8.78.(Windows NT 5.01; eu-ES) Presto/2.9.174 Version/12.00', '2024-09-18 23:04:41'),
(92, '21e5deb3a587f8c2d3c0bff2ed37f09f', 'c9728c97414d58f8bb7cdbf199b1e2a1', '/blog/post2', 'Blog Post 2', 'https://twitter.com', 'JP', 'Mobile', 'Windows', 'Edge', '200.64.146.99', 'Mozilla/5.0 (iPod; U; CPU iPhone OS 3_3 like Mac OS X; crh-UA) AppleWebKit/534.49.2 (KHTML, like Gecko) Version/3.0.5 Mobile/8B115 Safari/6534.49.2', '2025-03-13 23:04:41'),
(93, 'ca3698fa5d807b4ace9a0f52575e8d95', '019fc9c9e25358ebdc7b7390c3a45083', '/blog/post2', 'Blog Post 2', 'http://munoz.net/', 'US', 'Mobile', 'Windows', 'Brave', '29.44.9.4', 'Mozilla/5.0 (iPod; U; CPU iPhone OS 3_2 like Mac OS X; nds-NL) AppleWebKit/535.36.7 (KHTML, like Gecko) Version/3.0.5 Mobile/8B111 Safari/6535.36.7', '2025-08-14 23:04:41'),
(94, '56db3fa3ea48c9f996ce0cfa03d19454', '085e69ac046b657d2f16cadd142cca9e', '/products/item2', 'Product Item 2', 'https://google.com', 'FR', 'Tablet', 'macOS', 'Brave', '82.79.253.228', 'Mozilla/5.0 (X11; Linux i686) AppleWebKit/531.2 (KHTML, like Gecko) Chrome/33.0.867.0 Safari/531.2', '2024-09-11 23:04:41'),
(95, 'a98e3bae87fbe3e0103b55c55941f19c', '4aa257e3e722b53a6857fe020d13637d', '/products', 'Products', 'https://facebook.com', 'US', 'Mobile', 'iOS', 'Brave', '39.191.106.169', 'Mozilla/5.0 (Windows 98; ast-ES; rv:1.9.0.20) Gecko/2018-03-12 11:46:08 Firefox/3.8', '2025-05-12 23:04:41'),
(96, '87b8494b8597f5aaba5926bbd52c259f', 'd8dd0c478614ab655deddcce42044d38', '/blog/post1', 'Blog Post 1', 'https://google.com', 'FR', 'Mobile', 'Android', 'Firefox', '150.101.176.174', 'Mozilla/5.0 (Macintosh; U; PPC Mac OS X 10_5_1; rv:1.9.5.20) Gecko/2014-02-27 18:27:41 Firefox/5.0', '2024-09-12 23:04:41'),
(97, '8b00a234a3d72eda95c1707b26eb189d', '46b8752746653cc74840bc6213f92e56', '/contact', 'Contact', 'https://facebook.com', 'BR', 'Tablet', 'macOS', 'Brave', '74.38.66.74', 'Mozilla/5.0 (Windows; U; Windows NT 4.0) AppleWebKit/531.38.6 (KHTML, like Gecko) Version/4.0 Safari/531.38.6', '2025-07-24 23:04:41'),
(98, '84d3526b4054abc1f5c3c7130e8a41c9', '0c3c3f35a95364efcfd3844e89526ca9', '/blog/post2', 'Blog Post 2', NULL, 'JP', 'Desktop', 'Linux', 'Opera', '22.43.59.122', 'Mozilla/5.0 (iPhone; CPU iPhone OS 9_3_5 like Mac OS X) AppleWebKit/531.2 (KHTML, like Gecko) CriOS/21.0.854.0 Mobile/71A751 Safari/531.2', '2024-11-16 23:04:41'),
(99, 'a4fa4068cad727f00460e0546d7ac314', '7f6bc4b723d5d81714367fbfbe3e3725', '/contact', 'Contact', 'https://mclaughlin.com/', 'GB', 'Desktop', 'Linux', 'Opera', '178.99.121.202', 'Mozilla/5.0 (X11; Linux x86_64; rv:1.9.7.20) Gecko/2017-08-07 13:53:39 Firefox/3.8', '2025-01-12 23:04:41'),
(100, '79d0a891faada5ced9788114a4440416', '2e6237510f4fbafb026e1365c3cda312', '/blog/post2', 'Blog Post 2', 'https://google.com', 'DE', 'Desktop', 'Windows', 'Chrome', '137.72.120.168', 'Mozilla/5.0 (compatible; MSIE 8.0; Windows NT 6.1; Trident/4.1)', '2025-07-06 23:04:41'),
(101, '219853299882f352af27366319427a81', '4dec3f32289020f94f9a99a3c0ae6bb5', '/contact', 'Contact', 'https://www.martinez-wood.com/', 'FR', 'Tablet', 'Windows', 'Chrome', '117.118.37.112', 'Mozilla/5.0 (X11; Linux x86_64; rv:1.9.7.20) Gecko/2021-03-17 13:07:19 Firefox/3.8', '2025-02-20 23:04:41'),
(102, 'd5ac6098f69a53bc71d21d216206c215', 'e1ad8b4a0b4acdb6cd9e9b085a93d068', '/products', 'Products', 'https://facebook.com', 'BR', 'Mobile', 'iOS', 'Zen', '163.232.177.175', 'Mozilla/5.0 (Windows 98; Win 9x 4.90) AppleWebKit/531.1 (KHTML, like Gecko) Chrome/38.0.800.0 Safari/531.1', '2024-09-11 23:04:41'),
(103, '4d9d6e9e9db64887ae6e5ce111cf2634', 'd29e662d578444f3958970343277828b', 'https://www.smith.com/', 'Where today around lot.', '', 'BH', 'Mobile', 'Android', 'Firefox', '156.115.143.94', 'Opera/9.79.(Windows NT 5.01; as-IN) Presto/2.9.167 Version/12.00', '2025-03-01 01:33:31'),
(104, 'b404371869404671848e7b2ce8ec3213', '33920f1ba21e447bba560454f5a524d2', 'https://freeman.info/', 'Feeling ability see.', 'https://www.mason-bennett.com/', 'ES', 'Tablet', 'Android', 'Safari', '201.127.78.153', 'Mozilla/5.0 (Macintosh; U; PPC Mac OS X 10_9_1; rv:1.9.6.20) Gecko/2022-08-30 09:13:31 Firefox/3.6.9', '2025-05-26 07:40:16'),
(105, '677403f907d4409f808258d803485f06', 'bf5be154277c48e3b04941259faf5174', 'https://brown.com/', 'Start pick environmental.', 'http://taylor-pratt.com/', 'ES', 'Tablet', 'iOS', 'Safari', '99.74.41.241', 'Mozilla/5.0 (compatible; MSIE 6.0; Windows 98; Win 9x 4.90; Trident/3.0)', '2025-07-19 16:01:42'),
(106, '0359f2b6cee84250ba68f31d4d9c25f4', '603151b7cfa8468abf103e56465acef2', 'https://dixon.org/', 'Day leader carry office recently.', 'https://www.gardner.com/', 'IT', 'Tablet', 'iOS', 'Safari', '153.69.87.53', 'Mozilla/5.0 (X11; Linux x86_64; rv:1.9.5.20) Gecko/2013-09-22 15:58:25 Firefox/3.6.5', '2025-08-20 03:44:57'),
(107, '48d5a1c0f8ab4a95bdf66d69f45b860e', 'd7ca3f731f7c491085608d68ac78a13e', 'http://jones.com/', 'Mouth international describe guess.', 'http://www.robles.net/', 'FR', 'Desktop', 'Windows', 'Opera', '27.244.255.195', 'Mozilla/5.0 (compatible; MSIE 7.0; Windows NT 6.1; Trident/4.1)', '2025-01-11 16:25:33'),
(108, '60ee7bd9f9ba45df8038528b82f91565', 'ea97c6e314a247e69fc915813fed1f43', 'https://www.peterson.com/', 'Any machine.', 'http://www.fisher-hill.org/', 'TM', 'Mobile', 'macOS', 'Opera', '167.164.120.88', 'Mozilla/5.0 (compatible; MSIE 9.0; Windows NT 4.0; Trident/5.0)', '2025-05-24 07:36:06'),
(109, '815e161e37884641a6a370efbebfeda4', 'f38901c45cd94d67a0fa0df0a3e172bd', 'http://www.hernandez.com/', 'Together control.', '', 'OM', 'Desktop', 'Linux', 'Zen', '109.50.71.75', 'Mozilla/5.0 (iPod; U; CPU iPhone OS 3_1 like Mac OS X; mn-MN) AppleWebKit/535.17.2 (KHTML, like Gecko) Version/3.0.5 Mobile/8B111 Safari/6535.17.2', '2025-05-28 19:12:41'),
(110, '4fcbb33c727c43eba0525302b516b808', 'db97c4b2edab422ba1fc40fb0bb7c61c', 'https://perez.com/', 'Seem draw management scientist.', 'https://www.lutz.net/', 'BZ', 'Tablet', 'iOS', 'Chrome', '95.182.237.94', 'Mozilla/5.0 (Macintosh; Intel Mac OS X 10_6_0; rv:1.9.6.20) Gecko/2022-12-04 15:18:15 Firefox/3.6.6', '2025-04-23 02:46:08'),
(111, '843b3e5a2b9b469092eb2f45ae5c0e2e', '8d964823e68f41808d5ded369d7321c5', 'http://www.miranda.info/', 'Left girl theory little far.', '', 'IE', 'Desktop', 'macOS', 'Edge', '145.111.151.193', 'Mozilla/5.0 (iPhone; CPU iPhone OS 5_1_1 like Mac OS X) AppleWebKit/533.1 (KHTML, like Gecko) CriOS/24.0.850.0 Mobile/90K215 Safari/533.1', '2025-07-23 12:01:07'),
(112, '8a0f4e097f8c404db51ed1a175ed51a3', 'f8a383ae1259493db9cc257423af981c', 'http://williams-dean.net/', 'Paper weight.', '', 'CU', 'Desktop', 'Android', 'Firefox', '129.226.245.218', 'Mozilla/5.0 (Macintosh; U; PPC Mac OS X 10_6_8) AppleWebKit/532.2 (KHTML, like Gecko) Chrome/29.0.850.0 Safari/532.2', '2025-06-18 02:33:15'),
(113, '8b06ff269ff247e8985a8b55132a92cb', 'd98c3dd7abfa49a58b7238ce2a457ae1', 'http://mcmahon.info/', 'Occur election sound.', 'https://york-hughes.com/', 'SG', 'Tablet', 'Linux', 'Safari', '27.218.110.70', 'Mozilla/5.0 (X11; Linux i686; rv:1.9.5.20) Gecko/2023-02-03 23:19:31 Firefox/3.6.9', '2025-08-04 04:12:19'),
(114, 'e03f1eef69b0417982237a6e60dade9b', 'a2bd0e69e9a24dedb791c595b0e6f750', 'http://lloyd.biz/', 'If identify where adult final.', '', 'LK', 'Desktop', 'Windows', 'Opera', '168.62.56.39', 'Mozilla/5.0 (Windows CE) AppleWebKit/533.1 (KHTML, like Gecko) Chrome/61.0.855.0 Safari/533.1', '2025-01-29 18:36:30'),
(115, '873114e9caa94253a3fdb8ed3a58ac95', '519234a36ce1492aa67007d39e8c3566', 'http://www.miller.net/', 'Arm participant happy still social.', '', 'LT', 'Mobile', 'iOS', 'Chrome', '37.219.9.70', 'Mozilla/5.0 (Macintosh; PPC Mac OS X 10_6_8) AppleWebKit/536.2 (KHTML, like Gecko) Chrome/39.0.811.0 Safari/536.2', '2025-01-10 05:59:30'),
(116, '2c820a3dd102433e8121e7bad9d1b852', '401541495862439e84dc1afb4523d013', 'http://www.johnston.com/', 'Loss yourself year start its.', 'http://www.morton-hood.com/', 'MV', 'Mobile', 'Windows', 'Firefox', '121.240.87.78', 'Opera/9.86.(X11; Linux x86_64; mag-IN) Presto/2.9.173 Version/11.00', '2025-07-01 14:59:36'),
(117, '61eacb9138d441ca8bc99d49615d5746', '13f7a0dec91746e1bda7a8cca75d0071', 'http://hicks.net/', 'Program story different.', '', 'ZA', 'Tablet', 'Windows', 'Zen', '187.19.123.252', 'Opera/9.27.(X11; Linux i686; ts-ZA) Presto/2.9.179 Version/11.00', '2025-04-13 02:05:05'),
(118, '8b0e9d0c9dc449bcaeb18ea234d9d456', '04fb521fb27a4e45a4b4410a2aa6df95', 'https://www.perkins-castro.net/', 'Catch fund very.', 'https://www.dickerson.info/', 'CI', 'Tablet', 'macOS', 'Zen', '195.188.6.29', 'Mozilla/5.0 (Android 2.3.4; Mobile; rv:48.0) Gecko/48.0 Firefox/48.0', '2025-08-20 04:20:53'),
(119, 'd7e8756e504d49f6a507523b7ecd5d45', 'c5645ed5214b49b2a1631fce7760102a', 'http://lynn-brooks.com/', 'Character teach.', '', 'ZW', 'Mobile', 'macOS', 'Opera', '130.26.166.239', 'Mozilla/5.0 (Windows NT 4.0; cy-GB; rv:1.9.0.20) Gecko/2013-03-08 11:23:03 Firefox/3.8', '2025-04-14 07:16:37'),
(120, 'e4c10837dfe946168991c469ac720994', '334f8082b8b74dc29b85a06ebd60d07c', 'https://www.wells-martin.net/', 'Return modern see people student.', '', 'GE', 'Mobile', 'iOS', 'Chrome', '95.125.215.78', 'Mozilla/5.0 (Android 4.1; Mobile; rv:53.0) Gecko/53.0 Firefox/53.0', '2025-04-04 13:34:58'),
(121, '41d9da160d864e9eb4b6a5a51625dda6', 'ea0dd320edf74b76be4f6c854506e9f9', 'http://www.chambers.com/', 'Project own table ago candidate.', 'http://potter.com/', 'MV', 'Mobile', 'Android', 'Opera', '76.138.139.52', 'Opera/8.48.(Windows NT 4.0; eu-ES) Presto/2.9.189 Version/10.00', '2025-07-04 19:55:13'),
(122, '565be4ee52ec468888bb4d36ec99d2a8', 'ff1aefa554934559855e061d974affbb', 'http://www.berger.net/', 'Order care audience recognize outside.', 'http://johnson.com/', 'NR', 'Desktop', 'Linux', 'Opera', '138.20.12.246', 'Mozilla/5.0 (X11; Linux i686; rv:1.9.5.20) Gecko/2017-03-26 18:59:40 Firefox/14.0', '2025-03-28 06:08:00'),
(123, '7cbbf20497604b27a0c1ccee09b7a62a', 'f487a9044e96456ba4c94d810a58328c', 'http://www.johnson.com/', 'Give paper step hand no.', 'http://harris.com/', 'GN', 'Tablet', 'macOS', 'Zen', '148.58.179.169', 'Mozilla/5.0 (X11; Linux x86_64; rv:1.9.7.20) Gecko/2011-03-08 07:20:33 Firefox/3.8', '2025-04-01 05:48:52'),
(124, '456bbfb56cda46fab40737c07759ef13', 'f6a7e24345d7435f9337c47da6325414', 'http://powers.com/', 'Similar direction.', '', 'NP', 'Desktop', 'Windows', 'Edge', '40.71.59.188', 'Mozilla/5.0 (compatible; MSIE 8.0; Windows NT 5.0; Trident/3.0)', '2025-03-11 12:58:17'),
(125, '894c8c3518f44210a18e1e7ad5f0f2d3', '65d1c87993ee4979b03c73b04fff926e', 'http://garcia.com/', 'Front heart among recent.', 'https://www.mayer.com/', 'SD', 'Tablet', 'iOS', 'Edge', '102.53.239.23', 'Opera/9.82.(Windows NT 5.0; ss-ZA) Presto/2.9.173 Version/10.00', '2025-05-15 06:04:33'),
(126, '8c59aa0e67de4a56aea7b3d43fccbaa6', 'f0ed19bdaebf4d139e14d1f20e011e85', 'https://www.howard.com/', 'Travel water learn billion.', 'http://www.hines.com/', 'UY', 'Tablet', 'Android', 'Safari', '134.243.222.229', 'Mozilla/5.0 (compatible; MSIE 8.0; Windows NT 10.0; Trident/3.1)', '2025-07-27 07:02:53'),
(127, '0283c26688dd4dec820fd243e0b3f6d9', '103fd0942f014c458104a02ce8d2842c', 'http://www.jimenez.com/', 'Environment produce analysis.', 'https://martinez.com/', 'KW', 'Tablet', 'Android', 'Chrome', '33.104.156.209', 'Mozilla/5.0 (compatible; MSIE 7.0; Windows NT 5.0; Trident/5.0)', '2025-07-24 08:35:44'),
(128, '6a13d9bed6af4d01ade25121e86b2902', '9bc717987c774ffc9d0ff3360497ed24', 'https://www.miller.com/', 'Member central truth as.', '', 'BO', 'Tablet', 'macOS', 'Zen', '125.131.217.84', 'Mozilla/5.0 (compatible; MSIE 6.0; Windows NT 6.1; Trident/4.1)', '2025-04-14 07:54:36'),
(129, 'fac67e84846047f9b96cec0cc13b5de7', 'b8b997de9fc147a6b3bc9837382736e2', 'http://www.rose.com/', 'Scientist whole need play conference.', 'https://www.jones-walters.org/', 'HT', 'Desktop', 'Linux', 'Firefox', '106.194.216.28', 'Opera/8.96.(X11; Linux i686; cmn-TW) Presto/2.9.185 Version/10.00', '2025-02-07 21:59:14'),
(130, 'ef7d0d2444354ae1b8e24adc850fa7f4', '3e79bbbd1bbd4ddba7d7fb126bd33a02', 'http://allen.net/', 'Debate challenge girl.', 'http://www.king-king.org/', 'BH', 'Mobile', 'iOS', 'Firefox', '93.219.12.54', 'Mozilla/5.0 (compatible; MSIE 9.0; Windows NT 6.2; Trident/4.0)', '2025-05-09 12:29:30'),
(131, 'b5cd305ac6734ed4a8e9835560f5f973', '3f26c6c647484bd29aee094893a6214f', 'https://gallagher-greene.com/', 'Local community character agree dark.', 'http://www.brock.com/', 'TO', 'Tablet', 'Windows', 'Safari', '182.171.50.224', 'Mozilla/5.0 (compatible; MSIE 5.0; Windows NT 5.1; Trident/3.1)', '2025-03-28 12:45:38'),
(132, '65256664690e442f9a6304fbc6bc1396', '720b2077abbb49cf92ca52cfd100d9c1', 'https://www.jones.com/', 'Cup hundred stock catch represent.', 'https://www.baker.com/', 'RU', 'Mobile', 'Windows', 'Safari', '146.150.21.165', 'Mozilla/5.0 (Linux; Android 3.2.1) AppleWebKit/536.2 (KHTML, like Gecko) Chrome/14.0.846.0 Safari/536.2', '2025-08-18 13:19:00'),
(133, 'ea25ed14444941d1a71c5e8561bd3207', '47f3528719af4714aeaf295ee06c02b6', 'http://arnold.com/', 'None become.', 'http://www.wilson-herrera.net/', 'MA', 'Desktop', 'macOS', 'Firefox', '32.134.104.163', 'Mozilla/5.0 (iPod; U; CPU iPhone OS 3_1 like Mac OS X; uz-UZ) AppleWebKit/535.39.4 (KHTML, like Gecko) Version/4.0.5 Mobile/8B117 Safari/6535.39.4', '2025-02-06 02:37:44'),
(134, '6fb279583156441d8c35a285d38600ae', 'a0e7c660b11d42dc9b739cf11ec0ec76', 'http://www.may-phillips.com/', 'Dinner base adult send.', 'https://castillo-morton.biz/', 'CL', 'Mobile', 'macOS', 'Zen', '123.183.12.114', 'Mozilla/5.0 (Android 7.1; Mobile; rv:13.0) Gecko/13.0 Firefox/13.0', '2025-08-05 12:13:54'),
(135, '220557711d6b43f9ad988d9616b4865e', '55b2011db9714ffba247f80078da12ab', 'https://www.williams-andrews.com/', 'Treat these lot she.', 'http://www.ballard.com/', 'SM', 'Desktop', 'Android', 'Opera', '186.52.218.242', 'Opera/8.14.(X11; Linux x86_64; pap-AW) Presto/2.9.170 Version/11.00', '2025-01-21 18:08:43'),
(136, '0084cb4adfc346a4a48af5303602429d', 'df379a580c70431eadcebaf8518d3018', 'https://kaufman-jones.info/', 'Cultural effect choice evidence listen.', '', 'KR', 'Tablet', 'macOS', 'Edge', '65.140.30.29', 'Mozilla/5.0 (Android 4.2.2; Mobile; rv:25.0) Gecko/25.0 Firefox/25.0', '2025-06-14 23:30:22'),
(137, 'd3c88392e177487d821f604b91c6abe9', 'bab00ae1be3f475c86511fdb6918e969', 'http://jones.net/', 'Professor second movement race tough.', 'http://www.brown-larson.com/', 'LB', 'Mobile', 'Windows', 'Zen', '1.207.127.87', 'Mozilla/5.0 (X11; Linux i686; rv:1.9.6.20) Gecko/2024-04-29 12:30:13 Firefox/13.0', '2025-03-22 15:51:47'),
(138, '61fe2ac441a24c03ba3a4603502c03f9', 'e8694fe74b94414fa4d23ed3e12148f7', 'https://www.diaz.biz/', 'Five successful realize artist late.', '', 'AR', 'Tablet', 'Windows', 'Chrome', '49.16.97.127', 'Mozilla/5.0 (Macintosh; U; Intel Mac OS X 10_6_7; rv:1.9.2.20) Gecko/2020-11-30 23:22:33 Firefox/3.8', '2025-06-01 22:17:30'),
(139, 'ce8937b35abb4762b96bf3ebab82a0cf', 'd64bba10f6c341eca4458f5c18589e70', 'https://www.reid.net/', 'Mr face.', 'http://lane-york.biz/', 'WS', 'Tablet', 'macOS', 'Chrome', '136.47.91.213', 'Mozilla/5.0 (Macintosh; Intel Mac OS X 10_9_0) AppleWebKit/534.2 (KHTML, like Gecko) Chrome/27.0.882.0 Safari/534.2', '2025-04-26 08:17:26'),
(140, '67a0dbc143384086bba7d1e28e65ea6c', '45c9f94a2086488d91342b3aa606b088', 'https://brooks-bradley.net/', 'Analysis audience message summer.', '', 'LA', 'Desktop', 'Windows', 'Zen', '22.121.188.116', 'Opera/8.56.(X11; Linux x86_64; tr-CY) Presto/2.9.187 Version/10.00', '2025-01-20 19:27:18'),
(141, 'b131a55d5c454c9098686cc29b2e1932', '50e70e7081a14ebdb9d43202ba906a6c', 'http://wagner.com/', 'Whose rest economic.', 'https://pitts.com/', 'TL', 'Tablet', 'Android', 'Chrome', '45.15.159.220', 'Mozilla/5.0 (Windows; U; Windows 98; Win 9x 4.90) AppleWebKit/531.41.2 (KHTML, like Gecko) Version/4.0.4 Safari/531.41.2', '2025-07-29 20:42:39'),
(142, '98b9bb48ec924b4c97e7bbe3807637ca', 'b148981358b84fb1b11899c0d7d1d421', 'https://singleton.com/', 'Service present.', '', 'CO', 'Tablet', 'Windows', 'Opera', '131.110.42.123', 'Mozilla/5.0 (compatible; MSIE 9.0; Windows 98; Win 9x 4.90; Trident/5.0)', '2025-07-12 23:22:48'),
(143, '32b77eea24db4ca29339b07d372f513c', '5ba4a52dd00041a19386225e3574453e', 'https://harris.com/', 'Lawyer property speech federal.', 'https://www.payne.com/', 'PK', 'Tablet', 'iOS', 'Edge', '71.123.72.19', 'Opera/9.46.(X11; Linux x86_64; kl-GL) Presto/2.9.173 Version/10.00', '2025-03-01 00:20:44'),
(144, '9b676052ae0c4a67bf1e8b37ddbfce1d', 'fbcaf8d914cc46efb0c0ccfefad49054', 'http://www.hernandez.com/', 'Visit eye especially.', 'https://www.williams.net/', 'KR', 'Tablet', 'Android', 'Chrome', '48.159.125.48', 'Mozilla/5.0 (Windows NT 4.0; st-ZA; rv:1.9.1.20) Gecko/2014-02-25 13:07:18 Firefox/3.8', '2025-07-10 12:37:28'),
(145, '7f8bcf3bc8c9496f8708ea9d9c61fbfe', '4519d852f2f3480897987228a7f27b39', 'https://alvarez-williams.com/', 'Walk include.', 'http://mills-carter.com/', 'VE', 'Mobile', 'macOS', 'Edge', '134.22.16.247', 'Mozilla/5.0 (compatible; MSIE 9.0; Windows NT 6.0; Trident/5.0)', '2025-01-04 21:05:01'),
(146, 'be53657372ae41819b0862c869f55dc3', '3ba781d962654371b04219f2e4e7c98f', 'https://powell.info/', 'Line small.', 'http://www.fitzpatrick-grant.com/', 'AO', 'Desktop', 'Android', 'Zen', '202.171.117.64', 'Opera/8.41.(X11; Linux x86_64; nhn-MX) Presto/2.9.179 Version/12.00', '2025-01-21 05:02:40'),
(147, '445bae81dd0d45dca3f0b1861ed1504b', '183a75739e4f46f59d35cb9525b58a7f', 'https://www.snyder-williams.info/', 'Future seek.', 'https://www.bryant-vance.com/', 'BW', 'Mobile', 'Windows', 'Zen', '220.107.80.82', 'Opera/8.53.(Windows CE; fil-PH) Presto/2.9.188 Version/10.00', '2025-07-12 03:50:06'),
(148, '3b10616a8b4643ab93e4d33ad723901b', '67719a63181045da8ea1bdc67f280628', 'https://rush.com/', 'Deal analysis.', '', 'CN', 'Mobile', 'Android', 'Safari', '122.13.25.92', 'Opera/8.47.(X11; Linux i686; nb-NO) Presto/2.9.171 Version/11.00', '2025-02-10 03:44:10'),
(149, 'ada1ca28a7cb4c47a0e5633cb05abf11', '82223ed95dc445b68caf58b5b487f543', 'http://www.stewart-montgomery.com/', 'Movement Mr.', 'https://kelley-montes.org/', 'KH', 'Desktop', 'iOS', 'Firefox', '66.189.83.80', 'Mozilla/5.0 (Windows NT 6.0) AppleWebKit/534.2 (KHTML, like Gecko) Chrome/54.0.815.0 Safari/534.2', '2025-06-29 11:55:23'),
(150, '42fb82875ea94c39ba6a43e85a77f819', 'd0dd9faf7cab4286a3dab7ff4d460ceb', 'https://cruz.com/', 'Seek green store operation.', 'http://garcia.org/', 'SE', 'Desktop', 'Android', 'Opera', '10.101.255.19', 'Opera/9.39.(Windows 98; yi-US) Presto/2.9.172 Version/11.00', '2025-08-17 06:08:57'),
(151, '5918c9c2021e46808c16162cd883f4b4', '9b6b4a4229c742b09a5a8b0cbf68b7d8', 'https://smith-patterson.com/', 'Field bit fine after.', '', 'CM', 'Tablet', 'Linux', 'Firefox', '162.224.229.209', 'Mozilla/5.0 (compatible; MSIE 8.0; Windows NT 6.0; Trident/5.1)', '2025-06-08 21:54:46'),
(152, 'd2d156f371dd4af3a1e5191e233d51ff', '1c1c9905e77f43f5adef7135e16b26e8', 'https://garcia.com/', 'Health view.', 'http://nelson.com/', 'NI', 'Desktop', 'macOS', 'Safari', '148.3.254.114', 'Opera/8.89.(Windows NT 5.0; nn-NO) Presto/2.9.182 Version/12.00', '2025-05-17 11:14:39'),
(153, '8b33422b292f4926a993efd8419ef54e', 'b2bc63463c8f47fdaca9e279b92eb601', 'https://foster-campbell.com/', 'Whose improve tonight value.', 'https://nelson-martin.com/', 'MY', 'Tablet', 'macOS', 'Opera', '6.146.7.144', 'Mozilla/5.0 (Linux; Android 5.0) AppleWebKit/534.2 (KHTML, like Gecko) Chrome/18.0.882.0 Safari/534.2', '2025-02-09 15:37:03'),
(154, '38220649cd9446e48900d3de36ba78b9', '458b2ffc28d34d2c8085c44eefd01e7e', 'https://murray-sawyer.net/', 'Face size least.', 'https://www.long-robinson.com/', 'IR', 'Desktop', 'Android', 'Zen', '204.176.27.12', 'Mozilla/5.0 (compatible; MSIE 5.0; Windows NT 6.1; Trident/4.0)', '2025-02-08 11:18:19'),
(155, '317702443f7646208a456898272a3d2c', 'eb3fde2d13b14a4cadfb380c23975075', 'https://thomas.com/', 'Write bed.', 'https://moyer.biz/', 'SK', 'Tablet', 'iOS', 'Zen', '166.213.75.81', 'Mozilla/5.0 (Windows CE) AppleWebKit/531.2 (KHTML, like Gecko) Chrome/55.0.898.0 Safari/531.2', '2025-06-05 08:01:22'),
(156, '19ede0a21416435f96d4b60e38a0245c', 'ff0ffa152b6e4d22af3493550fb58965', 'https://perez.com/', 'Plan section along situation high.', 'http://huffman.com/', 'NA', 'Desktop', 'Android', 'Firefox', '4.231.68.163', 'Mozilla/5.0 (Macintosh; PPC Mac OS X 10_5_9) AppleWebKit/536.1 (KHTML, like Gecko) Chrome/47.0.845.0 Safari/536.1', '2025-06-11 01:40:10'),
(157, '1c431a5da5b6465d89774faae27a1f31', '3d22afb474ea451ab8f52126f0fe8712', 'http://yoder-thomas.com/', 'Newspaper this ago price.', 'https://www.douglas.com/', 'NR', 'Mobile', 'Android', 'Safari', '85.212.49.149', 'Mozilla/5.0 (Windows NT 5.2) AppleWebKit/531.2 (KHTML, like Gecko) Chrome/32.0.869.0 Safari/531.2', '2025-02-20 20:00:14'),
(158, '3df7a578bc4b44a4876beeb747fa95b2', '913da597feff4df9b6aec29f1da0ca48', 'https://www.love.info/', 'Pm station represent.', 'https://stewart.org/', 'EC', 'Desktop', 'Linux', 'Zen', '176.221.247.79', 'Mozilla/5.0 (iPod; U; CPU iPhone OS 3_0 like Mac OS X; bho-IN) AppleWebKit/532.26.3 (KHTML, like Gecko) Version/4.0.5 Mobile/8B118 Safari/6532.26.3', '2025-05-08 20:45:22'),
(159, 'c4568637ef894df999ce4b19d50fc5a3', '7fa84f024d224011a42d3cd74dc4e166', 'http://henderson.net/', 'Note relate watch leave.', 'http://www.bradford.com/', 'MW', 'Tablet', 'macOS', 'Firefox', '151.168.212.37', 'Mozilla/5.0 (compatible; MSIE 8.0; Windows NT 5.1; Trident/5.1)', '2025-07-23 06:19:20'),
(160, 'c5fb68617ef843ceb311b0b3e16def07', '0d01821582484771a30d2ffdca6d8093', 'https://olson-shaw.info/', 'Treatment list every.', 'https://www.mcdaniel.net/', 'GQ', 'Tablet', 'Windows', 'Zen', '194.227.93.187', 'Mozilla/5.0 (iPad; CPU iPad OS 4_2_1 like Mac OS X) AppleWebKit/535.0 (KHTML, like Gecko) CriOS/39.0.888.0 Mobile/71G573 Safari/535.0', '2025-07-17 23:58:22'),
(161, '911c3ad39e1e42d89d83a8b0ca14d6ad', '3a4dde5742b54eb6a1e5d24190f5b77a', 'https://www.mccarthy.com/', 'Fill decide.', 'https://www.nelson.com/', 'ID', 'Mobile', 'Linux', 'Safari', '87.85.62.148', 'Mozilla/5.0 (compatible; MSIE 8.0; Windows NT 10.0; Trident/5.0)', '2025-04-10 09:54:41'),
(162, '28b6df28aa3c4029a787f2123a537426', 'e7ad799d4de64434bd7c248aea5c69b0', 'https://www.smith.com/', 'Prove bed.', 'https://campbell.com/', 'SV', 'Tablet', 'macOS', 'Opera', '140.92.188.47', 'Mozilla/5.0 (compatible; MSIE 5.0; Windows NT 5.2; Trident/3.0)', '2025-06-28 21:37:54'),
(163, '12839b42216441c192ac6b7f032a030a', 'c238331a1abd488b87d22d186853c302', 'https://graham.com/', 'Research reflect knowledge.', '', 'CD', 'Tablet', 'iOS', 'Zen', '48.119.179.196', 'Mozilla/5.0 (compatible; MSIE 8.0; Windows 98; Trident/4.1)', '2025-07-28 08:02:41'),
(164, 'e5fc5f6984d14620819d86ca8128b9e9', 'e99b8d50d5cb4d76a18859e33a8d432c', 'https://www.johnson-lee.com/', 'Collection beautiful road marriage provide.', 'https://www.allen.biz/', 'TN', 'Desktop', 'macOS', 'Zen', '213.84.215.222', 'Mozilla/5.0 (compatible; MSIE 8.0; Windows NT 5.01; Trident/3.0)', '2025-04-15 02:19:51');
INSERT INTO `analytics` (`id`, `visitor_id`, `session_id`, `page_url`, `page_title`, `referrer`, `country`, `device`, `os`, `browser`, `ip_address`, `user_agent`, `visit_time`) VALUES
(165, '11cf520feda34336ae8007ab1faf9709', '193fbe92316e4b5c96139f89a5b1176e', 'https://jones-lucas.com/', 'Minute result letter billion maintain.', 'https://www.kelley-gonzalez.org/', 'IE', 'Tablet', 'iOS', 'Zen', '207.155.31.197', 'Mozilla/5.0 (Windows 98; el-CY; rv:1.9.0.20) Gecko/2020-09-20 13:12:50 Firefox/15.0', '2025-06-29 13:10:50'),
(166, '02259fb3ac974232a1f39b4f3b65e574', '5d4a578b27714ad2aa52e6b4098617bc', 'http://morris.biz/', 'Pick level step ready.', 'http://price.biz/', 'LK', 'Mobile', 'Linux', 'Safari', '157.184.106.14', 'Opera/9.61.(X11; Linux i686; sl-SI) Presto/2.9.166 Version/12.00', '2025-07-13 23:47:05'),
(167, '1bafc7756d2d4820b96e9522defe2404', '6ada49c0a9a5488fb408816d4a81e91f', 'https://cooper.org/', 'Decision card race politics.', 'http://www.perry-cole.com/', 'SM', 'Mobile', 'Linux', 'Safari', '103.191.152.41', 'Mozilla/5.0 (compatible; MSIE 6.0; Windows NT 5.0; Trident/3.1)', '2025-03-02 21:05:08'),
(168, '9ec0faadb283443383f42143c38a4c3b', '2c5782beb23e456b9c48448754a9853c', 'http://molina.info/', 'Method address major provide.', '', 'SO', 'Tablet', 'Linux', 'Zen', '9.238.246.215', 'Opera/8.53.(Windows NT 5.1; or-IN) Presto/2.9.189 Version/12.00', '2025-07-20 13:40:23'),
(169, 'de00547067714ac2ac9918481e3c4cb2', 'cf5110f5b6a54bf2b58791fe509435e9', 'https://www.russell.com/', 'Century will.', 'http://www.nguyen.info/', 'NL', 'Tablet', 'Linux', 'Zen', '115.132.121.84', 'Mozilla/5.0 (X11; Linux i686) AppleWebKit/536.1 (KHTML, like Gecko) Chrome/53.0.864.0 Safari/536.1', '2025-03-16 00:31:45'),
(170, 'fe81b5047e934dc2adc7e2c69c5fc431', '795e1cb2523444209bd0d8f0667b591a', 'http://evans.com/', 'Ever time information.', 'http://www.taylor.com/', 'ID', 'Mobile', 'Android', 'Edge', '35.58.219.190', 'Mozilla/5.0 (iPod; U; CPU iPhone OS 3_0 like Mac OS X; ms-MY) AppleWebKit/532.2.1 (KHTML, like Gecko) Version/3.0.5 Mobile/8B119 Safari/6532.2.1', '2025-07-10 03:26:14'),
(171, 'e119f8e2c59043eba0be228fea0fd21b', 'cab9ec88bd1249c6a01f14ee9e77d021', 'http://lopez.com/', 'Beyond health food near.', 'https://www.carpenter-duncan.net/', 'KH', 'Mobile', 'Windows', 'Chrome', '21.119.98.115', 'Opera/8.94.(X11; Linux i686; ti-ET) Presto/2.9.170 Version/11.00', '2025-06-03 05:05:31'),
(172, '803eee3790f94fb491cc38fae1540310', '6c41ced2ad6c4610a0cf9e0c8f8fa9a8', 'http://www.paul-munoz.net/', 'Clearly through energy hit.', 'https://shaw.info/', 'MW', 'Mobile', 'iOS', 'Opera', '119.78.115.209', 'Mozilla/5.0 (X11; Linux i686; rv:1.9.6.20) Gecko/2011-08-15 09:33:06 Firefox/5.0', '2025-07-24 20:57:21'),
(173, '15760e615c874a92b44542fc1bf0483e', '28b4dd3863c94ed997e42fc78086f335', 'https://riley-howard.com/', 'Bill ground property issue half.', 'http://www.gonzalez.net/', 'MC', 'Desktop', 'Windows', 'Opera', '213.28.221.19', 'Mozilla/5.0 (iPod; U; CPU iPhone OS 4_2 like Mac OS X; fi-FI) AppleWebKit/535.16.2 (KHTML, like Gecko) Version/3.0.5 Mobile/8B111 Safari/6535.16.2', '2025-05-07 23:51:57'),
(174, '2d8afc606d524493999bb51d390835e8', '362d3489e3304b71b636e8fd9c212aeb', 'http://nichols.com/', 'Manage understand music.', 'http://www.bates.com/', 'KG', 'Mobile', 'Linux', 'Zen', '2.144.10.1', 'Mozilla/5.0 (iPad; CPU iPad OS 12_4_8 like Mac OS X) AppleWebKit/536.2 (KHTML, like Gecko) CriOS/51.0.821.0 Mobile/43Y902 Safari/536.2', '2025-07-20 23:29:07'),
(175, 'ca937a9c576e421fa6398f537bb3b8a0', '0b74180ece3c498aaef7a1c945543907', 'https://mejia.com/', 'No chair thing lose participant.', '', 'NO', 'Mobile', 'Android', 'Firefox', '216.55.145.140', 'Mozilla/5.0 (Linux; Android 5.1) AppleWebKit/532.1 (KHTML, like Gecko) Chrome/13.0.846.0 Safari/532.1', '2025-02-25 12:33:34'),
(176, '8a7a8187080a474eb498c44a352c55c1', '353dc331358946eb8c411303ce8ad272', 'http://www.hart-ruiz.com/', 'Us reason imagine.', '', 'UZ', 'Tablet', 'Android', 'Firefox', '93.251.235.207', 'Mozilla/5.0 (X11; Linux i686) AppleWebKit/532.0 (KHTML, like Gecko) Chrome/16.0.845.0 Safari/532.0', '2025-06-30 23:28:52'),
(177, 'cf0129beb2924e75bc44a6582ea8c09f', 'dd77b2de35e443948d14fe2731553913', 'https://www.baker.info/', 'Manager very evidence.', 'https://preston-mccarthy.net/', 'IT', 'Mobile', 'Android', 'Edge', '186.73.13.105', 'Mozilla/5.0 (Windows; U; Windows NT 5.0) AppleWebKit/531.33.4 (KHTML, like Gecko) Version/4.0 Safari/531.33.4', '2025-06-20 00:56:37'),
(178, '9d01305f80e44ab986c240978c9c0541', 'a83c648cea254218bc1d1bd608abb1dc', 'https://www.brown.org/', 'Would work.', '', 'DZ', 'Tablet', 'Linux', 'Edge', '156.76.105.219', 'Mozilla/5.0 (Macintosh; PPC Mac OS X 10_10_7) AppleWebKit/532.2 (KHTML, like Gecko) Chrome/56.0.832.0 Safari/532.2', '2025-07-30 12:49:57'),
(179, '5527ad2bd6e240ebbc28cb9b9d1dd4b7', 'b0090463fe7048658699b49995d9537f', 'http://williams.com/', 'Remain age.', 'https://www.diaz.com/', 'KW', 'Tablet', 'iOS', 'Zen', '162.42.221.15', 'Opera/9.77.(X11; Linux x86_64; oc-FR) Presto/2.9.187 Version/12.00', '2025-05-10 07:23:30'),
(180, 'e4509757a83642adb9f7f2f1d3e7d653', '407bf9b9a6134a7a989158a2901458be', 'https://www.knight.net/', 'But current college financial charge.', '', 'VA', 'Tablet', 'macOS', 'Edge', '38.142.251.73', 'Mozilla/5.0 (iPad; CPU iPad OS 14_2_1 like Mac OS X) AppleWebKit/535.1 (KHTML, like Gecko) CriOS/14.0.895.0 Mobile/52K708 Safari/535.1', '2025-03-08 08:07:21'),
(181, '4d80a747e484407ab1ea33c955d0d55e', '58feb05bf1fd4de7b5d9dbb4df254711', 'https://perry.info/', 'College baby difficult new.', 'http://www.blankenship-lawrence.org/', 'PG', 'Desktop', 'Android', 'Chrome', '31.6.161.235', 'Mozilla/5.0 (X11; Linux x86_64; rv:1.9.5.20) Gecko/2011-04-20 10:20:47 Firefox/3.8', '2025-03-04 03:14:54'),
(182, '2315a797e3d8477fbdb51b505169956d', '8ec3cc8672ca419b9c4f6da103858b38', 'http://anderson-jenkins.org/', 'Class ground attorney discussion.', 'https://www.perkins.info/', 'TW', 'Desktop', 'Android', 'Safari', '50.168.211.139', 'Mozilla/5.0 (Windows; U; Windows CE) AppleWebKit/531.35.5 (KHTML, like Gecko) Version/4.0.3 Safari/531.35.5', '2025-03-12 17:54:47'),
(183, 'b14be725a7504d6985f41192a811a0be', '8f7444a5543c4971853d9b2902bbbcc6', 'https://www.fleming-stokes.org/', 'Quality kind.', '', 'TL', 'Mobile', 'Linux', 'Opera', '158.149.70.179', 'Mozilla/5.0 (compatible; MSIE 5.0; Windows NT 6.0; Trident/5.1)', '2025-06-15 01:00:52'),
(184, 'a86793e36f7b4eb48090901c24cc0e60', 'ee4d3711187149b2826933ab4158ef3a', 'https://www.woodard-jackson.com/', 'Figure sister wrong woman board.', 'https://www.schwartz-may.org/', 'SG', 'Desktop', 'iOS', 'Opera', '105.149.59.254', 'Mozilla/5.0 (Android 5.0; Mobile; rv:35.0) Gecko/35.0 Firefox/35.0', '2025-08-23 05:21:45'),
(185, 'a6df37bcbd9e4bf48d66dca89d4c1aa4', '6e431573c9534283b3f05056a3e991fa', 'http://www.hale.com/', 'Yourself report add.', 'http://walsh.net/', 'IR', 'Tablet', 'Android', 'Zen', '216.248.78.7', 'Mozilla/5.0 (iPad; CPU iPad OS 10_3_3 like Mac OS X) AppleWebKit/531.2 (KHTML, like Gecko) FxiOS/13.4o1452.0 Mobile/12C233 Safari/531.2', '2025-01-03 16:07:25'),
(186, '617cb6838b274fee8bb14377ccdec545', 'afd139db1ce945a08495b7382147f145', 'http://www.alvarez-castillo.com/', 'Fight sit.', 'http://www.morgan-mason.com/', 'EC', 'Desktop', 'Linux', 'Opera', '217.114.85.30', 'Mozilla/5.0 (iPhone; CPU iPhone OS 6_1_6 like Mac OS X) AppleWebKit/532.0 (KHTML, like Gecko) CriOS/39.0.877.0 Mobile/66A842 Safari/532.0', '2025-08-11 01:10:09'),
(187, 'b5c907b837ce4031a65e2c52e7993b03', '2b60fef1adb64171bd32294a084b4bcd', 'http://www.thompson-bailey.com/', 'Foot head.', 'http://www.green.com/', 'SN', 'Mobile', 'Android', 'Opera', '142.149.199.9', 'Mozilla/5.0 (Windows NT 5.01; ga-IE; rv:1.9.1.20) Gecko/2019-05-20 08:11:23 Firefox/10.0', '2025-04-21 20:09:34'),
(188, '59481c1cee6a420eb41f0c910f7d38c2', '04c71e21ae87416c9c5db1c697ee1881', 'https://salazar-kim.com/', 'Article short.', 'http://www.davis.com/', 'LY', 'Desktop', 'Linux', 'Chrome', '113.150.184.147', 'Opera/9.18.(Windows NT 6.1; tcy-IN) Presto/2.9.176 Version/10.00', '2025-03-15 07:34:10'),
(189, 'c7825021701c4dfa8d99715c8d5a887f', 'ef4b4b47a94943478182e9d49165f984', 'http://www.lee.biz/', 'Tend available local represent.', 'http://www.scott.org/', 'MA', 'Tablet', 'Android', 'Firefox', '28.132.80.201', 'Mozilla/5.0 (compatible; MSIE 6.0; Windows NT 6.1; Trident/3.1)', '2025-01-21 09:40:38'),
(190, '4187e6c480fa467495d28e5ce6e1484f', 'aafac0bcfb774fa0904e6580ca0dc70f', 'http://www.powell.com/', 'Drive rock explain blood two.', '', 'SZ', 'Mobile', 'macOS', 'Safari', '126.103.175.17', 'Mozilla/5.0 (Macintosh; Intel Mac OS X 10_11_8; rv:1.9.4.20) Gecko/2015-10-20 23:29:49 Firefox/7.0', '2025-04-28 19:52:26'),
(191, '938e82a5b9e6494ab54ed5fee73f6167', '6f98f2ed77c74d6988a0bc5b1ab097ce', 'http://www.zimmerman.net/', 'Very face thus follow but.', 'http://griffin-serrano.com/', 'GM', 'Desktop', 'Windows', 'Edge', '67.52.148.78', 'Mozilla/5.0 (Windows; U; Windows CE) AppleWebKit/535.19.1 (KHTML, like Gecko) Version/4.0.3 Safari/535.19.1', '2025-04-06 00:33:30'),
(192, 'c7fe1ca54b994d32ab99f4463223273e', 'f1bcce597baa40f29cc408107c3a6a93', 'https://foster.biz/', 'Between skin edge gas.', 'https://www.harmon-reyes.com/', 'GA', 'Tablet', 'macOS', 'Chrome', '186.30.116.220', 'Mozilla/5.0 (iPhone; CPU iPhone OS 10_3_3 like Mac OS X) AppleWebKit/535.0 (KHTML, like Gecko) FxiOS/14.3f5093.0 Mobile/50T397 Safari/535.0', '2025-08-20 09:47:15'),
(193, 'e2766f636b18491dab60c829f1108da9', 'f5432df1049d4bbd98853e006b116e5c', 'https://ramsey.biz/', 'Like history.', 'http://johnson.com/', 'IS', 'Desktop', 'Linux', 'Zen', '54.9.171.206', 'Opera/9.85.(Windows NT 6.2; byn-ER) Presto/2.9.178 Version/12.00', '2025-02-25 19:36:32'),
(194, 'ddf1ba8cf3814e4d9a4866821e84876d', '795f8dcc87844db3af3b5472a5f91b23', 'https://rodriguez.com/', 'Subject recent evening.', 'http://www.evans.com/', 'HT', 'Desktop', 'iOS', 'Zen', '99.153.246.38', 'Mozilla/5.0 (compatible; MSIE 8.0; Windows NT 5.0; Trident/5.1)', '2025-06-16 13:13:34'),
(195, 'da43a4f9317542bbad47ca93fa666a65', 'c81be08bb59949e898c8ef5b2e919ba1', 'https://www.farmer.info/', 'Seven wife.', 'https://www.morris-king.biz/', 'HT', 'Mobile', 'iOS', 'Zen', '112.159.62.31', 'Opera/9.17.(Windows NT 5.0; mag-IN) Presto/2.9.189 Version/10.00', '2025-03-14 17:20:28'),
(196, '1f19fc62a13c418faacfecf6c9758e47', 'b7f5b97aa39443459986dbaf60249be2', 'http://harrell.com/', 'Production determine police ten.', 'https://www.miller.com/', 'AO', 'Desktop', 'macOS', 'Chrome', '132.9.7.40', 'Mozilla/5.0 (Windows NT 6.2; uz-UZ; rv:1.9.0.20) Gecko/2013-05-06 03:06:17 Firefox/3.8', '2025-04-05 23:59:40'),
(197, '619e66eea4a94a26b60f71e871c31a4a', '9f3f8ecbc5c34d33ae4ca0c63f4bb167', 'http://www.valentine.com/', 'Nice think.', 'https://olson.com/', 'KM', 'Tablet', 'iOS', 'Opera', '43.40.78.25', 'Opera/9.17.(Windows 98; Win 9x 4.90; ti-ET) Presto/2.9.181 Version/12.00', '2025-08-01 07:57:12'),
(198, '4941866747ad4820bee2b731b6a7665f', '956e8f76ab1a4befbbe382b5d80badf9', 'https://www.lucas.com/', 'By ready.', 'http://www.flores.com/', 'TJ', 'Desktop', 'iOS', 'Safari', '23.243.20.21', 'Mozilla/5.0 (iPod; U; CPU iPhone OS 4_0 like Mac OS X; kn-IN) AppleWebKit/534.36.4 (KHTML, like Gecko) Version/4.0.5 Mobile/8B116 Safari/6534.36.4', '2025-03-07 11:18:25'),
(199, '17942b1c4dd746ff9e3bc7656c4a84c1', '1988f71f2daa4cfa97b7073e83f8a6c2', 'https://burgess.com/', 'My blue tree meeting.', 'https://arias-jones.com/', 'BO', 'Desktop', 'Linux', 'Edge', '45.108.11.160', 'Mozilla/5.0 (Windows NT 5.2) AppleWebKit/533.2 (KHTML, like Gecko) Chrome/52.0.815.0 Safari/533.2', '2025-06-30 23:50:16'),
(200, 'a283c91902f942b5a354ceaa8b060acc', '321b82557dd5443b94f00266baf9d54b', 'https://www.barrett.biz/', 'Business chair clearly.', 'http://wright.com/', 'VN', 'Tablet', 'iOS', 'Edge', '133.36.17.147', 'Mozilla/5.0 (compatible; MSIE 9.0; Windows 95; Trident/5.1)', '2025-08-24 10:59:49'),
(201, '64b8ba50be144f3ca000764e165b7122', 'f01ed50d2e9442db9a17da33cf9e9d82', 'https://www.price.com/', 'Section wear son.', 'https://gomez.com/', 'MR', 'Desktop', 'iOS', 'Safari', '135.216.127.182', 'Mozilla/5.0 (iPhone; CPU iPhone OS 9_3_5 like Mac OS X) AppleWebKit/536.2 (KHTML, like Gecko) CriOS/60.0.873.0 Mobile/85B781 Safari/536.2', '2025-06-20 06:54:47'),
(202, 'fcefbce697e744c7b17766cb9a56f58a', 'fe51e1e804444af9886cb9ff4848c6f9', 'https://hurley.biz/', 'Concern property.', 'https://villanueva-hernandez.com/', 'CG', 'Mobile', 'iOS', 'Safari', '85.109.109.181', 'Mozilla/5.0 (X11; Linux x86_64) AppleWebKit/533.1 (KHTML, like Gecko) Chrome/59.0.846.0 Safari/533.1', '2025-05-09 05:00:53'),
(203, '84a644a5ab264bc09350b9bab966baf7', '7e5ba98726d34d88ba7611dcb9d14807', 'https://www.garcia.com/', 'Technology hospital last.', '', 'AZ', 'Desktop', 'macOS', 'Zen', '109.211.92.193', 'Opera/9.31.(Windows NT 10.0; tcy-IN) Presto/2.9.173 Version/11.00', '2025-07-25 06:28:38'),
(204, 'd66b23884f874e9db09647c214fb1ea8', '0f68f639cacb4683816eb0af33aff672', 'https://brown.org/', 'Tax decide and police.', 'http://www.romero.com/', 'MG', 'Tablet', 'iOS', 'Firefox', '62.100.121.27', 'Mozilla/5.0 (iPhone; CPU iPhone OS 10_3_4 like Mac OS X) AppleWebKit/533.0 (KHTML, like Gecko) FxiOS/10.6j9860.0 Mobile/91V770 Safari/533.0', '2025-02-01 00:51:49'),
(205, 'da58c4e5225b4ebb8458d08596fa3e8e', '3f91ec4a326a4cea87fe08361189cda7', 'https://kim.com/', 'Reality near son including.', 'http://thomas.com/', 'AR', 'Desktop', 'Windows', 'Firefox', '203.49.2.229', 'Mozilla/5.0 (Android 4.0.1; Mobile; rv:12.0) Gecko/12.0 Firefox/12.0', '2025-06-05 01:18:01'),
(206, 'bb47bacbaa50426594f5b152f392e982', '46e65195b69947369f2d7d17dcbd469b', 'http://www.scott.com/', 'Enough picture response begin understand.', 'http://www.martin.biz/', 'DJ', 'Mobile', 'macOS', 'Safari', '34.225.211.84', 'Mozilla/5.0 (iPhone; CPU iPhone OS 9_3_6 like Mac OS X) AppleWebKit/536.1 (KHTML, like Gecko) CriOS/40.0.813.0 Mobile/17P750 Safari/536.1', '2025-06-05 12:17:15'),
(207, 'bad500b4ddaa429c82cade6a461a66c5', 'f6394b1f7369486d93664fb97bc70e46', 'http://www.guerrero-olsen.com/', 'Hope one thing.', 'http://www.odom.info/', 'LV', 'Tablet', 'Windows', 'Zen', '46.246.30.199', 'Mozilla/5.0 (iPod; U; CPU iPhone OS 3_0 like Mac OS X; bg-BG) AppleWebKit/532.36.6 (KHTML, like Gecko) Version/3.0.5 Mobile/8B112 Safari/6532.36.6', '2025-03-22 19:30:13'),
(208, '009ab3bafdb14115bd01e982fd1c30d3', '6094d9b86e114a7baeda05aff031d90a', 'http://clark.com/', 'Apply head discover the something.', 'https://www.wilson.info/', 'GT', 'Mobile', 'iOS', 'Firefox', '150.36.123.153', 'Mozilla/5.0 (Windows NT 5.01) AppleWebKit/534.0 (KHTML, like Gecko) Chrome/29.0.830.0 Safari/534.0', '2025-05-17 08:46:17'),
(209, 'cc24d4519239418ca3a09e6994d61e1c', '7797265feb3f4dea8b8c9ab55b505761', 'http://www.cole.biz/', 'Own green a.', '', 'PH', 'Mobile', 'iOS', 'Safari', '193.165.16.101', 'Mozilla/5.0 (Windows; U; Windows NT 5.01) AppleWebKit/535.42.6 (KHTML, like Gecko) Version/4.0.4 Safari/535.42.6', '2025-05-04 08:41:43'),
(210, '4a4086d034ed4fa89e4869e746b0b379', '0d1e0e340ed343f99d1a8dd08ed3b1c2', 'https://arnold-johnson.org/', 'Argue dream.', 'http://www.cole.com/', 'TR', 'Tablet', 'macOS', 'Zen', '64.134.227.104', 'Mozilla/5.0 (Macintosh; U; Intel Mac OS X 10_12_3) AppleWebKit/531.0 (KHTML, like Gecko) Chrome/17.0.839.0 Safari/531.0', '2025-07-28 04:36:15'),
(211, 'cf6ac0b79d7d4297b7d61ec01758c4d0', '460591d99bbf4aaebe1a9807f311b0ee', 'https://www.wade.com/', 'That treat test apply small.', 'https://smith-ortiz.biz/', 'SO', 'Desktop', 'Linux', 'Chrome', '41.221.34.47', 'Opera/8.77.(X11; Linux i686; apn-IN) Presto/2.9.188 Version/12.00', '2025-02-28 07:27:52'),
(212, '070855abfa4d498e9c982a23b925b2ec', '66711c47c6c641d79ad962196e88bb0f', 'https://www.lee.org/', 'Old begin.', 'http://www.henson-diaz.com/', 'YE', 'Mobile', 'Linux', 'Opera', '77.244.212.92', 'Opera/8.16.(Windows NT 6.1; fr-FR) Presto/2.9.190 Version/12.00', '2025-07-20 18:45:51'),
(213, '83b97081f087408590565e19d7183ce2', '217c451a72574939998f45181afbf0f8', 'http://www.garcia-fitzgerald.net/', 'About become story ability care.', 'https://duffy.com/', 'PS', 'Mobile', 'Linux', 'Edge', '195.195.219.161', 'Mozilla/5.0 (compatible; MSIE 5.0; Windows NT 4.0; Trident/5.0)', '2025-05-11 14:03:53'),
(214, '385523efd8d84a509ed9e4357efe30a6', '90b3dff612154d17a31b7b98aa024bc0', 'http://www.johnson-williams.org/', 'Director expect benefit pick.', 'https://www.combs.com/', 'TZ', 'Mobile', 'macOS', 'Opera', '120.234.172.247', 'Mozilla/5.0 (compatible; MSIE 7.0; Windows NT 5.2; Trident/3.0)', '2025-03-27 18:06:51'),
(215, '7ab6650fa8b24e30aaebd133b8539ee2', '5839a1cec6d0445cab0ac71a382f3fd7', 'https://www.walker.com/', 'East meeting voice tree standard.', '', 'MD', 'Tablet', 'macOS', 'Safari', '65.125.239.114', 'Mozilla/5.0 (X11; Linux i686; rv:1.9.5.20) Gecko/2021-01-10 12:01:02 Firefox/3.8', '2025-03-18 09:02:04'),
(216, 'dfe5a82693134161888cf38ec8250fc7', 'd850eba117b84e26a6d390eda62578b6', 'https://garcia.net/', 'Effort throughout same.', '', 'CL', 'Desktop', 'Linux', 'Chrome', '87.68.39.35', 'Mozilla/5.0 (Macintosh; U; Intel Mac OS X 10_10_1 rv:6.0; lij-IT) AppleWebKit/534.12.4 (KHTML, like Gecko) Version/5.0.4 Safari/534.12.4', '2025-04-26 07:53:35'),
(217, 'e13fdeb28700491bb61172bbf68b4a42', '478cac49c459490aa4a8489a7db1781c', 'http://payne.biz/', 'Right talk someone.', 'https://www.glover.com/', 'CM', 'Mobile', 'macOS', 'Zen', '154.102.41.95', 'Mozilla/5.0 (compatible; MSIE 7.0; Windows 98; Win 9x 4.90; Trident/5.1)', '2025-02-27 00:21:16'),
(218, '45f0d747560e4f1887cbd32c5c792431', '50b65368bc2a4a78a6b6798cf2d5c78e', 'https://www.alvarado-johnson.com/', 'Which American prove job.', 'http://garcia-wilson.com/', 'CD', 'Tablet', 'Windows', 'Zen', '95.131.196.11', 'Mozilla/5.0 (Windows NT 5.2) AppleWebKit/531.2 (KHTML, like Gecko) Chrome/14.0.825.0 Safari/531.2', '2025-06-21 02:56:31'),
(219, '4b1806c9bc6b4114bfd38aa6b57842ef', '452874aafead4eaaa2f0b9334c2fa186', 'https://www.sanchez.org/', 'Us produce detail bad.', 'http://duke.biz/', 'AF', 'Tablet', 'macOS', 'Firefox', '80.212.223.96', 'Mozilla/5.0 (Macintosh; U; Intel Mac OS X 10_6_5) AppleWebKit/535.1 (KHTML, like Gecko) Chrome/59.0.803.0 Safari/535.1', '2025-08-04 02:36:09'),
(220, 'b86403c1b06c49228f332de27ff99831', '637e264882004513835aa61e18296dca', 'http://villa-hancock.com/', 'Practice result when law.', 'http://moreno.net/', 'NI', 'Mobile', 'Android', 'Safari', '80.19.168.43', 'Mozilla/5.0 (iPod; U; CPU iPhone OS 3_1 like Mac OS X; ss-ZA) AppleWebKit/532.48.3 (KHTML, like Gecko) Version/4.0.5 Mobile/8B115 Safari/6532.48.3', '2025-02-25 13:17:56'),
(221, '80d4c2984d7d4f49a90629a7c976c20e', '954bdd96eec3456692b0bb88c7f8291f', 'https://www.peterson-parker.com/', 'Find old different.', 'http://www.carpenter.com/', 'FJ', 'Desktop', 'macOS', 'Safari', '210.82.7.167', 'Opera/8.86.(X11; Linux x86_64; fa-IR) Presto/2.9.178 Version/10.00', '2025-07-14 10:42:23'),
(222, '4b5f92720c124504bcb19f37e3c00609', '038a10b148a44ddba808f68e6b71d008', 'https://www.wright.biz/', 'Artist guy.', '', 'RS', 'Mobile', 'iOS', 'Opera', '89.60.177.210', 'Mozilla/5.0 (Windows 95) AppleWebKit/532.1 (KHTML, like Gecko) Chrome/26.0.865.0 Safari/532.1', '2025-02-13 08:43:55'),
(223, '8fa1557c27234fa48307faef1b2ec002', 'aa8ee4261269498ea3d5208cd932ab2d', 'https://sanders.com/', 'Before structure.', 'https://davidson.com/', 'LV', 'Mobile', 'Android', 'Opera', '179.106.178.4', 'Mozilla/5.0 (iPad; CPU iPad OS 9_3_6 like Mac OS X) AppleWebKit/534.0 (KHTML, like Gecko) FxiOS/15.9x4288.0 Mobile/17G423 Safari/534.0', '2025-03-12 17:57:18'),
(224, '73c5bd133df14ebfbd9e6edc042d957a', '28e67a92a4244b4ab00883d98812b6c7', 'https://shah.com/', 'Environmental not.', 'https://johnson.biz/', 'PG', 'Tablet', 'Windows', 'Opera', '78.126.71.245', 'Mozilla/5.0 (compatible; MSIE 8.0; Windows NT 4.0; Trident/3.0)', '2025-08-25 21:45:52'),
(225, '9eefcceb824c4c67b38e48d4957fde63', 'a6abe869f04c4633a5aa5a058e30cd1b', 'http://www.bell-bell.org/', 'Page expert professional.', '', 'US', 'Desktop', 'Android', 'Edge', '42.243.209.63', 'Mozilla/5.0 (X11; Linux x86_64; rv:1.9.7.20) Gecko/2018-03-28 14:54:47 Firefox/3.8', '2025-07-01 18:18:01'),
(226, '72367414ca1c4403ae3d9b1f17b48dd4', '7c6f6db2ff8349a9b46d92e8debcc2cd', 'http://harris.com/', 'Democratic as give any.', 'http://schwartz.com/', 'SN', 'Tablet', 'Android', 'Chrome', '129.137.162.252', 'Opera/9.38.(X11; Linux x86_64; se-NO) Presto/2.9.171 Version/12.00', '2025-03-13 23:38:13'),
(227, 'b8e78e5f7e014a53b506b75363f0fd6d', '40e7099ae24249ab89ffb4814111d20d', 'https://www.acosta.org/', 'Art yard beautiful contain.', 'http://www.woods-torres.biz/', 'JP', 'Tablet', 'Windows', 'Edge', '30.173.248.167', 'Opera/8.18.(Windows NT 6.2; oc-FR) Presto/2.9.181 Version/12.00', '2025-07-21 23:22:48'),
(228, 'f710086ec638470faf57269f600c07be', '0aad4a46051447218d036b282d0d3a41', 'http://hunt-harrell.com/', 'Various consider tonight public someone.', 'http://ortiz.com/', 'CY', 'Desktop', 'Windows', 'Zen', '48.12.104.234', 'Mozilla/5.0 (compatible; MSIE 9.0; Windows NT 6.1; Trident/5.0)', '2025-01-12 02:35:07'),
(229, '4a323fb889654e4da16a3950dbbd6c53', 'a6a3b53e5c804cb19359e44c6009383f', 'http://murillo.biz/', 'Nature job not.', '', 'IN', 'Desktop', 'macOS', 'Firefox', '105.39.220.206', 'Mozilla/5.0 (Macintosh; U; Intel Mac OS X 10_11_5; rv:1.9.3.20) Gecko/2016-11-23 04:03:15 Firefox/3.8', '2025-05-16 00:35:22'),
(230, 'd07b94584519405b99844fd03e4d4f82', 'f753575a017c4f1cbc8b712d9769afee', 'https://www.patel.com/', 'Wear audience side street.', '', 'UZ', 'Tablet', 'macOS', 'Edge', '117.157.123.154', 'Mozilla/5.0 (Macintosh; U; Intel Mac OS X 10_12_4 rv:6.0; cy-GB) AppleWebKit/533.40.6 (KHTML, like Gecko) Version/4.0 Safari/533.40.6', '2025-03-27 18:50:33'),
(231, 'b81f070efa4a4476808b9aa8f898413b', '15016c3415104b3897d496f692c69e6c', 'http://www.jenkins.com/', 'Book half dark.', 'https://villarreal-jones.info/', 'HR', 'Tablet', 'Linux', 'Edge', '14.59.163.135', 'Mozilla/5.0 (Windows NT 6.1) AppleWebKit/536.1 (KHTML, like Gecko) Chrome/37.0.803.0 Safari/536.1', '2025-06-12 01:23:56'),
(232, '6bf8794068ac44ac9195a74ee4efa50c', 'e5a163d3647445f49e0e79e542044634', 'https://king.info/', 'Brother very.', '', 'GY', 'Desktop', 'iOS', 'Firefox', '68.115.54.29', 'Mozilla/5.0 (Android 3.2; Mobile; rv:51.0) Gecko/51.0 Firefox/51.0', '2025-01-17 01:04:29'),
(233, 'de62e09641954ff08f9d86dd44e14832', '7f1867ccf4854068821116bea9d03e60', 'https://graham-mcdonald.com/', 'Science begin policy particularly director.', '', 'LV', 'Tablet', 'macOS', 'Edge', '145.1.134.245', 'Mozilla/5.0 (iPad; CPU iPad OS 9_3_6 like Mac OS X) AppleWebKit/532.2 (KHTML, like Gecko) CriOS/48.0.829.0 Mobile/01P785 Safari/532.2', '2025-01-18 08:28:13'),
(234, 'e3c614cda71243e8bc8f5ce58c77e510', '48fd4581e29240979f89dce6d638cb0a', 'http://ingram.biz/', 'Agent agree old.', 'https://jones.com/', 'ET', 'Tablet', 'Linux', 'Opera', '168.42.67.104', 'Mozilla/5.0 (Windows NT 5.2) AppleWebKit/533.2 (KHTML, like Gecko) Chrome/61.0.814.0 Safari/533.2', '2025-08-02 00:17:58'),
(235, 'd1d3ca22e44a478e8d65bba53f1cda97', 'ecb7f804c87a446a81a9e95e8ddaa06b', 'http://soto.com/', 'Source customer later.', 'http://miller-mack.com/', 'IR', 'Desktop', 'Android', 'Firefox', '29.182.142.241', 'Mozilla/5.0 (iPod; U; CPU iPhone OS 4_2 like Mac OS X; fy-NL) AppleWebKit/535.1.6 (KHTML, like Gecko) Version/4.0.5 Mobile/8B117 Safari/6535.1.6', '2025-02-23 03:46:36'),
(236, 'ab76c37222f946d6a6a0e5696dee487c', 'aa39225f42ca44288d1ff260b8b675a1', 'http://www.rios.com/', 'Civil prove late simple.', 'https://garcia-collins.com/', 'MR', 'Mobile', 'macOS', 'Chrome', '218.75.3.145', 'Mozilla/5.0 (compatible; MSIE 7.0; Windows NT 6.1; Trident/5.0)', '2025-03-10 04:09:20'),
(237, 'b5e5653de8d24b53a82c68e0c34ff15f', '7114ca48f1b34c27a6f292608947fdbb', 'http://fletcher.info/', 'Effect plant.', 'https://www.johnston.com/', 'CV', 'Mobile', 'Linux', 'Opera', '36.211.156.230', 'Mozilla/5.0 (iPod; U; CPU iPhone OS 3_3 like Mac OS X; sl-SI) AppleWebKit/531.5.7 (KHTML, like Gecko) Version/3.0.5 Mobile/8B114 Safari/6531.5.7', '2025-05-30 20:50:33'),
(238, 'ad6718a8cc364c0b830a8c546911cfdc', 'bd7747faa05e49838bf5ddc22e39a385', 'https://adams.com/', 'Great meeting good debate week.', 'http://www.nguyen.com/', 'LB', 'Mobile', 'macOS', 'Safari', '39.51.255.200', 'Mozilla/5.0 (compatible; MSIE 8.0; Windows 95; Trident/3.1)', '2025-02-15 21:39:19'),
(239, '698178895f0d47efba642a21060bec75', '79ab8f0ed565454aa6808b7e7a4d922f', 'http://cross-norton.com/', 'Apply year article information.', 'http://www.mcdonald.com/', 'DJ', 'Mobile', 'macOS', 'Edge', '67.223.65.95', 'Mozilla/5.0 (Linux; Android 8.0.0) AppleWebKit/532.1 (KHTML, like Gecko) Chrome/49.0.866.0 Safari/532.1', '2025-07-30 07:50:16'),
(240, 'f95a96f1538a4fc9bab12b6cd21acb90', '90091e7d56c248ef81742a9540ad9b51', 'http://www.odonnell-oliver.com/', 'Compare attention fall picture.', 'https://reynolds.com/', 'CN', 'Desktop', 'iOS', 'Zen', '134.182.70.43', 'Mozilla/5.0 (Linux; Android 2.3.5) AppleWebKit/531.1 (KHTML, like Gecko) Chrome/29.0.812.0 Safari/531.1', '2025-06-15 23:57:40'),
(241, '57706e026b37410b8ab7a76fd29eb38c', '3871e0057d40489dbb6dc58f43ec786c', 'https://www.saunders.com/', 'Yes whole memory.', 'http://phillips.com/', 'KE', 'Tablet', 'macOS', 'Edge', '46.194.95.102', 'Mozilla/5.0 (Linux; Android 4.2) AppleWebKit/536.1 (KHTML, like Gecko) Chrome/19.0.879.0 Safari/536.1', '2025-06-18 11:20:11'),
(242, '5beb75fde6114f87955713f5f1d19b76', 'aba246d2d50c45888d6c915656b7c973', 'http://kelly.com/', 'Color subject possible it almost.', '', 'TW', 'Mobile', 'iOS', 'Safari', '175.185.163.61', 'Mozilla/5.0 (Windows; U; Windows NT 6.2) AppleWebKit/533.23.1 (KHTML, like Gecko) Version/5.0 Safari/533.23.1', '2025-06-02 10:19:04'),
(243, '36b22c1bd3a245bf83bf22d7758d03ad', '4cbfa2ea21b249238daa23f30548e2ab', 'https://richard-porter.com/', 'Billion particular week.', 'http://lutz-weaver.com/', 'RW', 'Desktop', 'macOS', 'Firefox', '128.219.106.69', 'Mozilla/5.0 (compatible; MSIE 6.0; Windows NT 10.0; Trident/4.0)', '2025-01-22 17:27:58'),
(244, 'f2eaf188591c4cb094efa0049a29a3a0', 'f84a40926fa540cf97f9c2febdc15a91', 'https://jones.org/', 'Better major college important season.', '', 'MY', 'Tablet', 'Windows', 'Edge', '123.60.232.109', 'Opera/8.90.(Windows 95; ja-JP) Presto/2.9.168 Version/10.00', '2025-07-02 06:06:48'),
(245, 'ad6de3f77fe94303bed629a1b3a1d922', '7a5bbb0023054433b1e0432bde314551', 'http://www.williams-griffith.biz/', 'While work myself whether.', 'https://www.singh-santiago.com/', 'SC', 'Mobile', 'Windows', 'Zen', '171.7.244.157', 'Mozilla/5.0 (Windows NT 6.0; szl-PL; rv:1.9.1.20) Gecko/2012-03-27 06:05:34 Firefox/3.8', '2025-04-11 16:09:21'),
(246, 'a7cbbdb27d874495a8b2bf14c3c2ca3b', 'f40094d961d3439cbb2b25c44aeca3ec', 'https://www.williams.org/', 'Term consider recent hear.', '', 'DM', 'Desktop', 'Windows', 'Safari', '165.153.99.40', 'Mozilla/5.0 (compatible; MSIE 5.0; Windows 98; Trident/4.1)', '2025-06-03 22:33:31'),
(247, '70a70360140347f1a5a52939ff37929f', '8737be76fd6548a7ac41586ee3d54bed', 'https://www.hayes-fleming.com/', 'Radio drop customer yet.', 'http://www.freeman.biz/', 'SV', 'Desktop', 'iOS', 'Edge', '149.107.173.18', 'Mozilla/5.0 (X11; Linux i686) AppleWebKit/536.2 (KHTML, like Gecko) Chrome/51.0.828.0 Safari/536.2', '2025-05-17 09:25:52'),
(248, 'e32b5e5b48fe4aec83e7ab9a438d7467', 'a7f6529eaf3a4515bd50e49fd213c670', 'https://www.swanson.com/', 'Natural pick character man.', 'https://www.smith.com/', 'ML', 'Desktop', 'iOS', 'Firefox', '140.178.108.160', 'Opera/8.82.(Windows NT 6.1; te-IN) Presto/2.9.180 Version/10.00', '2025-05-13 05:47:22'),
(249, 'f6c55e58d7f54aa0a4f4174ff22afb9c', '3ee6768b94e647a582466811e44d525f', 'http://www.raymond-fuentes.com/', 'Skin sense debate visit.', 'http://stephens-padilla.com/', 'TZ', 'Desktop', 'Android', 'Zen', '52.212.57.241', 'Mozilla/5.0 (Macintosh; U; PPC Mac OS X 10_11_0 rv:5.0; sd-IN) AppleWebKit/535.20.7 (KHTML, like Gecko) Version/5.0.2 Safari/535.20.7', '2025-02-18 00:10:57'),
(250, 'b4ba7c1b9547401b82de4bbf674c0c54', 'da0eda3629e7478697f849d22c705200', 'http://www.roberts.com/', 'Event public move foot.', 'https://taylor.com/', 'ML', 'Mobile', 'macOS', 'Opera', '49.155.85.18', 'Opera/9.82.(X11; Linux i686; dz-BT) Presto/2.9.176 Version/12.00', '2025-01-23 00:12:38'),
(251, '614c1c68c9bd44168398b180c7ca5b30', '4be8256138674beb94886b41a670284b', 'http://www.cole-li.net/', 'Stand few act where oil.', 'https://wagner.info/', 'ME', 'Tablet', 'iOS', 'Edge', '78.165.10.11', 'Mozilla/5.0 (X11; Linux i686) AppleWebKit/531.2 (KHTML, like Gecko) Chrome/20.0.850.0 Safari/531.2', '2025-06-02 17:34:52'),
(252, 'fa436e22a2144dc9aaa5e111fa0cfcb3', 'd93c14828f2d4e0b8676183fff3599fb', 'https://www.soto.com/', 'Least way method.', '', 'KN', 'Mobile', 'Linux', 'Opera', '88.215.110.139', 'Mozilla/5.0 (iPad; CPU iPad OS 12_4_8 like Mac OS X) AppleWebKit/531.0 (KHTML, like Gecko) FxiOS/12.4b6276.0 Mobile/25T356 Safari/531.0', '2025-07-22 18:21:41'),
(253, '263617c51139465c84642d114e6799cc', 'fffd9863ba9542068d66bb9130be8ead', 'https://rice.info/', 'Such important red.', 'http://davis.com/', 'BG', 'Desktop', 'macOS', 'Safari', '207.20.80.74', 'Mozilla/5.0 (iPhone; CPU iPhone OS 14_2 like Mac OS X) AppleWebKit/536.1 (KHTML, like Gecko) FxiOS/14.6f6472.0 Mobile/28U157 Safari/536.1', '2025-03-05 07:29:33'),
(254, '5b413a2995cb4dc8b360f6da3e123f26', '3691def4d39348708106bbebb1972664', 'https://lopez.org/', 'Star thus include.', 'http://owens.com/', 'CR', 'Desktop', 'iOS', 'Zen', '107.84.169.143', 'Opera/9.13.(Windows 95; yue-HK) Presto/2.9.162 Version/11.00', '2025-04-03 16:52:40'),
(255, '6d5d13f85c1143b5b2b44bf80449f2a6', '7f550a6422fa4bfa8128a51236c7d79c', 'https://schultz.info/', 'White author sing.', '', 'CA', 'Mobile', 'Linux', 'Opera', '187.31.63.98', 'Mozilla/5.0 (iPhone; CPU iPhone OS 6_1_6 like Mac OS X) AppleWebKit/532.0 (KHTML, like Gecko) CriOS/27.0.856.0 Mobile/41N155 Safari/532.0', '2025-03-27 12:05:44'),
(256, '3eac7eddb2a541029b52b950d1c24a32', '1c0194ab750242709579275f76edbaaf', 'http://carlson-harris.org/', 'Do single understand.', 'http://www.santana-gould.com/', 'CV', 'Tablet', 'Linux', 'Chrome', '97.162.255.7', 'Mozilla/5.0 (iPad; CPU iPad OS 6_1_6 like Mac OS X) AppleWebKit/532.2 (KHTML, like Gecko) FxiOS/16.8d0687.0 Mobile/36Z748 Safari/532.2', '2025-02-18 09:27:13'),
(257, '2ec5fdd865a74d228920aea47feb8d93', '3967795b03d3415c9557a99666b65e34', 'http://www.harris.net/', 'Assume young can.', 'https://www.frank-kelly.com/', 'AZ', 'Mobile', 'Windows', 'Safari', '4.71.52.64', 'Mozilla/5.0 (iPod; U; CPU iPhone OS 4_1 like Mac OS X; ayc-PE) AppleWebKit/534.16.4 (KHTML, like Gecko) Version/3.0.5 Mobile/8B111 Safari/6534.16.4', '2025-08-10 02:00:50'),
(258, 'b11badc83b6545d6b77d00108f5702c6', 'fc6c219a54454c9897b4edeb59a17338', 'http://www.winters.com/', 'Director third.', 'https://mann.biz/', 'EE', 'Mobile', 'Android', 'Zen', '58.137.231.172', 'Mozilla/5.0 (Linux; Android 4.3.1) AppleWebKit/533.1 (KHTML, like Gecko) Chrome/45.0.874.0 Safari/533.1', '2025-05-09 03:02:04'),
(259, 'eb8dfa659bc64cc9b5315b3c2ad83583', 'a84c10a943e34f01901d504f0eb8b3d4', 'http://www.morales.org/', 'Up not little.', '', 'AR', 'Mobile', 'Linux', 'Edge', '55.37.28.160', 'Mozilla/5.0 (X11; Linux x86_64) AppleWebKit/532.1 (KHTML, like Gecko) Chrome/38.0.888.0 Safari/532.1', '2025-02-25 08:54:39'),
(260, '7010d91c8e124843ba2fd9db8a9f4ed4', 'b45c4016c64040b9872a41dccc8e18da', 'https://www.fisher-clements.com/', 'Give sense event health.', 'https://www.patel-guerra.com/', 'KE', 'Desktop', 'iOS', 'Safari', '13.248.188.105', 'Opera/9.83.(Windows 98; eu-ES) Presto/2.9.170 Version/11.00', '2025-01-27 04:33:30'),
(261, 'c90d5eaac5974ad18a4912f78b05e348', '03eaba380f2c45d8b41559cf3c0e4afb', 'https://torres-lewis.com/', 'Face style price myself.', 'https://sanchez-gregory.info/', 'JM', 'Tablet', 'Android', 'Firefox', '112.60.88.39', 'Mozilla/5.0 (Macintosh; U; Intel Mac OS X 10_5_9 rv:4.0; hne-IN) AppleWebKit/532.35.2 (KHTML, like Gecko) Version/5.1 Safari/532.35.2', '2025-07-21 03:29:54'),
(262, 'ad794a4b2e884a4e8c6053f4f20ca1e8', 'f725733b9c88442abf20c5ce41f7000e', 'http://martinez.info/', 'Suggest bit.', '', 'SZ', 'Desktop', 'Linux', 'Opera', '71.73.145.245', 'Opera/9.41.(Windows NT 6.2; fi-FI) Presto/2.9.184 Version/12.00', '2025-01-15 04:03:11'),
(263, '73a03ee3048d4865889e63302b239f80', '603e326baa0543f69d9dea06fde3b576', 'http://www.lindsey.biz/', 'Reason station class section edge.', '', 'CM', 'Mobile', 'Windows', 'Safari', '5.35.203.78', 'Mozilla/5.0 (Windows NT 6.0) AppleWebKit/535.1 (KHTML, like Gecko) Chrome/61.0.831.0 Safari/535.1', '2025-06-11 07:14:54'),
(264, '854cd7888e174a339f1b3b9af65233d5', '5bfaf784534a415cba6712609778b776', 'http://www.campbell.biz/', 'Reason brother author during.', 'https://www.young.com/', 'SK', 'Desktop', 'macOS', 'Firefox', '145.44.222.45', 'Mozilla/5.0 (Windows; U; Windows NT 5.0) AppleWebKit/532.32.2 (KHTML, like Gecko) Version/4.0 Safari/532.32.2', '2025-08-13 09:18:23'),
(265, '38761db7d5f34deab80c08b8535cc1c2', 'bba7b68a7b9a46bfafe371dd12c9534a', 'http://www.campbell.com/', 'Increase chair else.', '', 'NR', 'Mobile', 'macOS', 'Edge', '11.2.97.113', 'Mozilla/5.0 (compatible; MSIE 7.0; Windows 95; Trident/3.1)', '2025-04-25 15:31:10'),
(266, '1098655e3237481eb9ba3ab8e2a6894b', '8e764dbf69574ff580c3e430fd675e11', 'http://www.manning.org/', 'Entire people.', '', 'BO', 'Desktop', 'Android', 'Firefox', '181.253.21.95', 'Mozilla/5.0 (compatible; MSIE 8.0; Windows CE; Trident/3.1)', '2025-01-27 20:27:27'),
(267, '0d93610578f04a399bce9de7110d0f44', '56bc9bad2ece42f38c66d94e0ebbd97a', 'http://www.green.com/', 'Condition boy nor.', 'https://www.ross.net/', 'YE', 'Mobile', 'Linux', 'Zen', '221.166.167.241', 'Mozilla/5.0 (Android 2.2; Mobile; rv:48.0) Gecko/48.0 Firefox/48.0', '2025-07-02 21:58:59'),
(268, 'b64262e089d34a21a5d605e55b92ce90', '9b5ec532dfb0475cb29537e29a3af49a', 'http://www.lewis.com/', 'Share produce.', 'https://www.osborne.com/', 'KR', 'Mobile', 'macOS', 'Chrome', '207.76.68.237', 'Mozilla/5.0 (compatible; MSIE 9.0; Windows NT 4.0; Trident/3.0)', '2025-06-24 21:59:38'),
(269, '6936efe89c3040138fabf4c150b3d62b', '5e47ff50fc394748ae22272d20067385', 'http://www.harrington.com/', 'Firm Republican.', 'https://king-hamilton.net/', 'MN', 'Tablet', 'Android', 'Safari', '5.122.168.60', 'Opera/9.69.(Windows NT 5.01; mai-IN) Presto/2.9.181 Version/10.00', '2025-03-17 00:28:05'),
(270, '37cfee859cd5466bb65ce79c9232de2e', '800054a41e704dba8ca2aeb9d45a1af9', 'https://richards.com/', 'President send.', 'http://hicks.com/', 'GY', 'Mobile', 'Linux', 'Chrome', '14.127.230.191', 'Opera/8.25.(Windows NT 4.0; kl-GL) Presto/2.9.176 Version/10.00', '2025-03-10 22:13:40'),
(271, '476f51e84e39464da349e519d20d6bcb', '0f6f969b8df0435aaf40e92d2c2e61cc', 'https://www.shaw.org/', 'Discussion hot ten.', '', 'BF', 'Tablet', 'Windows', 'Safari', '113.218.234.171', 'Mozilla/5.0 (Windows NT 5.0) AppleWebKit/536.1 (KHTML, like Gecko) Chrome/48.0.865.0 Safari/536.1', '2025-04-04 12:21:14'),
(272, '7c1eb1f46c7044e9aa6925f5da9b995c', '2a02d19debec40ecbc4a888e611ebedd', 'http://www.farrell.com/', 'Week defense push.', 'https://harmon.net/', 'GB', 'Mobile', 'Linux', 'Opera', '214.125.111.192', 'Mozilla/5.0 (Android 4.4; Mobile; rv:41.0) Gecko/41.0 Firefox/41.0', '2025-06-22 21:58:15'),
(273, '29e006dc9ff74cdba4620c29825ef02f', '358575c9bd7c4f0a902af1450965a3b9', 'https://www.barnes.com/', 'Everything management something dog behind.', 'https://foster.net/', 'GN', 'Desktop', 'iOS', 'Opera', '14.135.231.191', 'Mozilla/5.0 (iPad; CPU iPad OS 3_1_3 like Mac OS X) AppleWebKit/531.1 (KHTML, like Gecko) CriOS/53.0.836.0 Mobile/76P672 Safari/531.1', '2025-03-19 15:32:47'),
(274, 'c8fe9ea6cdc64759bacfe0331f8228f3', '22c2091e29d14f83ae792db5b325009c', 'http://www.johnson.com/', 'I movie lawyer ground.', '', 'BD', 'Desktop', 'Linux', 'Firefox', '50.103.211.187', 'Mozilla/5.0 (compatible; MSIE 5.0; Windows 98; Trident/3.0)', '2025-02-22 20:18:36'),
(275, 'a39f5eb6d4544a0faf63fc1d53cb78bd', 'fa877e6645f847449e92394f2f517695', 'https://www.garcia-moody.com/', 'Few suffer film report hope.', '', 'NP', 'Tablet', 'macOS', 'Opera', '46.235.41.245', 'Mozilla/5.0 (iPod; U; CPU iPhone OS 4_0 like Mac OS X; be-BY) AppleWebKit/535.19.4 (KHTML, like Gecko) Version/4.0.5 Mobile/8B116 Safari/6535.19.4', '2025-07-27 12:52:35'),
(276, '0cc2a30150304584af64976e7c7e48dd', '3958512ef35243229fd1d9917d53bd1f', 'https://osborn.biz/', 'Weight suggest soldier.', '', 'NZ', 'Tablet', 'Linux', 'Safari', '4.70.132.45', 'Mozilla/5.0 (Windows; U; Windows NT 5.01) AppleWebKit/534.34.6 (KHTML, like Gecko) Version/4.0.3 Safari/534.34.6', '2025-07-20 23:18:14'),
(277, '38ad4ccb4bd943e8b2fc72b4c5a3f56c', '3d7169aee06144d48d48d55850535bd5', 'http://sanders-tran.net/', 'Certainly every stay.', 'http://www.miller-scott.com/', 'AE', 'Mobile', 'Android', 'Zen', '162.4.225.24', 'Mozilla/5.0 (compatible; MSIE 8.0; Windows 98; Win 9x 4.90; Trident/4.1)', '2025-04-26 13:38:46'),
(278, 'bdeef96fa0d54ac7abbfab0dab084aa7', '8e6740c6cb284367ba93cf0b26a63625', 'http://www.nelson.biz/', 'City organization forward behind.', 'https://www.ortiz.info/', 'IR', 'Tablet', 'Android', 'Firefox', '86.173.47.116', 'Mozilla/5.0 (compatible; MSIE 5.0; Windows NT 5.2; Trident/3.0)', '2025-06-29 11:14:22'),
(279, '777627e3861c4551bacabea97de47945', '20a9bb7a8c14405fa2acb60bbce60180', 'https://brennan.com/', 'Hold to produce item.', 'https://www.higgins.com/', 'JM', 'Desktop', 'Linux', 'Opera', '154.102.232.181', 'Mozilla/5.0 (Windows; U; Windows 98) AppleWebKit/531.8.2 (KHTML, like Gecko) Version/5.0.5 Safari/531.8.2', '2025-02-15 16:04:57'),
(280, '3908723eb955409eade2b81fc02a69c5', '16fc2faf80244718b678b1be693fc368', 'https://jackson.biz/', 'Machine dinner response consumer.', '', 'CV', 'Desktop', 'Linux', 'Firefox', '34.161.155.138', 'Mozilla/5.0 (Macintosh; U; Intel Mac OS X 10_5_6) AppleWebKit/534.0 (KHTML, like Gecko) Chrome/47.0.815.0 Safari/534.0', '2025-05-17 16:03:22'),
(281, 'a8203f0c37f44b5c9ae3db04b22b2d5c', 'd4ff741cceb049b2982989b556e03d6c', 'http://willis.net/', 'Action eat war instead down.', 'http://allen-burns.net/', 'GM', 'Desktop', 'iOS', 'Chrome', '108.188.240.18', 'Mozilla/5.0 (X11; Linux i686; rv:1.9.6.20) Gecko/2014-05-19 00:59:08 Firefox/3.6.14', '2025-01-15 19:33:10'),
(282, '7172fa7687024a98837ff359128721ae', 'dcd9476de48045c8bfa8ad64d2e4a817', 'http://www.wright-bishop.org/', 'Agree above different.', 'http://www.lindsey-peterson.net/', 'LY', 'Desktop', 'macOS', 'Safari', '164.169.152.195', 'Mozilla/5.0 (X11; Linux x86_64; rv:1.9.7.20) Gecko/2021-09-24 18:04:14 Firefox/3.6.1', '2025-03-25 14:47:05'),
(283, '0b3d61dba8a64c6389875e1b90b35073', '938765cab8ae448aa19eb985cd9316b6', 'http://www.hatfield-reynolds.biz/', 'Our today.', 'https://johnson.info/', 'SO', 'Mobile', 'macOS', 'Edge', '205.6.185.214', 'Mozilla/5.0 (Macintosh; Intel Mac OS X 10_12_8) AppleWebKit/536.0 (KHTML, like Gecko) Chrome/53.0.845.0 Safari/536.0', '2025-02-19 14:23:40'),
(284, 'ba146bff0175415b9e322d04419c24ca', '7c0ed0f99205407cae9b3ea1af130ca8', 'https://gonzales.com/', 'Them serious discuss president.', 'https://www.gonzalez.info/', 'LU', 'Tablet', 'Android', 'Zen', '214.79.95.130', 'Mozilla/5.0 (compatible; MSIE 8.0; Windows CE; Trident/4.0)', '2025-06-09 17:26:54'),
(285, '7beb4699f11d48f7b5df39e1a0895445', 'd082419375a24e2bb6a350e946a9f0cc', 'https://www.berger.org/', 'Situation position card.', 'http://ortega.net/', 'GY', 'Mobile', 'Android', 'Zen', '206.50.183.43', 'Opera/9.64.(X11; Linux i686; lv-LV) Presto/2.9.183 Version/12.00', '2025-02-01 20:48:49'),
(286, '83091fff12e945638032df7a8e2058d0', 'c163a4bda153497ba2bb0956ecdd4901', 'https://www.moses.com/', 'Traditional might many nearly.', 'http://daniels.net/', 'EG', 'Desktop', 'Linux', 'Opera', '53.59.136.21', 'Mozilla/5.0 (compatible; MSIE 7.0; Windows CE; Trident/3.1)', '2025-02-27 03:47:05'),
(287, 'eeb5c57db20042e98e2ae068cb1c5cd5', '4114224234ea4bbaab99880c42972df9', 'http://zimmerman.net/', 'Turn summer low economy.', 'https://brown.com/', 'LB', 'Tablet', 'macOS', 'Zen', '109.52.63.206', 'Mozilla/5.0 (Windows; U; Windows 98) AppleWebKit/534.40.2 (KHTML, like Gecko) Version/4.0 Safari/534.40.2', '2025-05-20 00:26:47'),
(288, 'c36d8da609274d52bbede2db31e0b01e', '0e540f87f41e4040a7982f520cb5c074', 'http://jones-fuller.org/', 'Out garden.', '', 'SG', 'Desktop', 'macOS', 'Edge', '156.68.134.213', 'Mozilla/5.0 (Windows; U; Windows CE) AppleWebKit/531.25.2 (KHTML, like Gecko) Version/5.1 Safari/531.25.2', '2025-07-26 04:30:09'),
(289, '464938b0e73344e897607e5168f74545', '0821b5072aee413e8abd7693961c73a9', 'https://mcguire.com/', 'Eight language quickly arrive.', 'http://www.lopez.com/', 'KR', 'Mobile', 'iOS', 'Firefox', '123.138.226.46', 'Mozilla/5.0 (X11; Linux i686) AppleWebKit/531.2 (KHTML, like Gecko) Chrome/16.0.810.0 Safari/531.2', '2025-03-08 16:09:13'),
(290, '304d0932c28848bf9e03832a20629faf', '284b481c7d0c4cc380d673a201d311cf', 'https://mcneil-hardy.com/', 'Large marriage able top.', 'https://www.scott-noble.com/', 'FM', 'Tablet', 'Linux', 'Firefox', '130.5.114.23', 'Mozilla/5.0 (X11; Linux i686; rv:1.9.5.20) Gecko/2014-05-09 15:28:23 Firefox/3.6.11', '2025-01-12 17:18:03'),
(291, '6fc30828121f4d969d55e01b5cbbc40e', '07339d2152414b709b4375daeea8a79a', 'https://www.jennings-evans.net/', 'Through fly surface.', '', 'GN', 'Mobile', 'Linux', 'Firefox', '156.209.35.37', 'Opera/9.80.(Windows CE; pap-AN) Presto/2.9.178 Version/11.00', '2025-06-15 01:55:21'),
(292, 'fcf5b1720b8f41e68cb7dd1309f88260', '07b005cb30b343a8958832200ceb6d92', 'http://chapman-smith.com/', 'Environmental involve mission economy include.', '', 'FJ', 'Mobile', 'Windows', 'Chrome', '87.49.238.62', 'Opera/8.55.(Windows NT 5.1; lij-IT) Presto/2.9.177 Version/10.00', '2025-07-04 18:10:06'),
(293, 'c03634ec31cb4d29a020032632095bbb', 'c8d730d1cae74eb9b847805e0bd9e9e3', 'https://clark-johnston.com/', 'Behind degree teacher national.', '', 'BG', 'Tablet', 'Linux', 'Zen', '173.14.184.183', 'Mozilla/5.0 (Windows NT 5.2; gl-ES; rv:1.9.0.20) Gecko/2018-12-23 08:36:37 Firefox/3.8', '2025-04-28 10:38:56'),
(294, 'a86e9999ffdd4b2c9b46fd5b7b2fb5b7', 'fb5d5731c75d46ef98aaf2299bdb768d', 'https://www.dominguez-matthews.com/', 'Produce still pay best.', '', 'SY', 'Mobile', 'Linux', 'Chrome', '102.46.41.174', 'Opera/9.77.(Windows NT 6.0; km-KH) Presto/2.9.167 Version/12.00', '2025-05-19 21:29:22'),
(295, '819aacda35c04ed8841a0ac3203a37ab', '0930330e1c11460aab83c19aafe8fc48', 'http://www.rios-le.com/', 'Step benefit thought.', 'https://howard.com/', 'DE', 'Tablet', 'Windows', 'Chrome', '173.252.25.137', 'Opera/8.56.(X11; Linux i686; nds-DE) Presto/2.9.171 Version/11.00', '2025-03-30 08:24:58'),
(296, 'b4c9effff3c7474f876cdab75238a552', '2f57ea3c9d9c4ce3b7a7a535060bf104', 'https://mccoy-graves.biz/', 'Point country.', 'https://scott.com/', 'BT', 'Desktop', 'iOS', 'Edge', '124.145.133.86', 'Mozilla/5.0 (Windows NT 10.0; ce-RU; rv:1.9.0.20) Gecko/2017-07-13 00:59:02 Firefox/3.6.17', '2025-05-27 10:48:57'),
(297, '8d56d849af9246a49addd7ef16daf112', '25ba43c089db4d6d9ac4e28d1125a2f6', 'http://www.peterson-braun.biz/', 'Card charge scene time that.', 'https://www.hatfield.com/', 'SO', 'Tablet', 'Android', 'Edge', '47.44.10.180', 'Mozilla/5.0 (compatible; MSIE 9.0; Windows NT 4.0; Trident/3.1)', '2025-04-25 22:16:42'),
(298, 'd0250d0c8c8640a48e2ea470d414d17f', '4c259d2a089440ed9cbbfa9a0454bfd4', 'http://www.rodriguez-wallace.com/', 'Stage writer.', 'https://www.leon.net/', 'KP', 'Tablet', 'Android', 'Zen', '205.253.149.85', 'Opera/8.27.(Windows NT 5.01; ayc-PE) Presto/2.9.166 Version/12.00', '2025-06-13 16:34:30'),
(299, '0a14a7a4f5d248b3a80ee6aff9965369', '6c195f62dc3a4b899f9a19f733ce60f1', 'https://hines-pierce.com/', 'Career man.', 'https://shaw-rodriguez.com/', 'RU', 'Desktop', 'iOS', 'Edge', '26.162.157.212', 'Mozilla/5.0 (Windows 95) AppleWebKit/536.1 (KHTML, like Gecko) Chrome/49.0.872.0 Safari/536.1', '2025-08-26 23:27:42'),
(300, '9ebfd76a0ddc4555a045573a3c49672a', 'c8d4f692e6e94d57a82b21d44d286ef9', 'https://www.maxwell.com/', 'Realize head.', 'https://williams-kaiser.info/', 'AO', 'Desktop', 'Windows', 'Chrome', '60.35.0.147', 'Mozilla/5.0 (compatible; MSIE 7.0; Windows 98; Trident/4.0)', '2025-03-30 14:22:22'),
(301, '68cc6530b62849cebb8e823e599de45a', '560d4158c5124fd0ab73e3eb91358a00', 'http://www.butler-lee.info/', 'Likely argue federal no.', 'https://www.cook.net/', 'SB', 'Desktop', 'macOS', 'Opera', '123.103.61.217', 'Opera/9.88.(Windows NT 6.0; bhb-IN) Presto/2.9.174 Version/12.00', '2025-02-22 06:16:25'),
(302, '5112c628ea004c13a4976b38a1e7e164', '6fa3f8e55d174c9b8cf019d8fbe401de', 'http://johnson.com/', 'Tend another our east.', 'https://daniels.com/', 'BD', 'Tablet', 'Android', 'Safari', '124.125.192.23', 'Mozilla/5.0 (X11; Linux x86_64) AppleWebKit/534.0 (KHTML, like Gecko) Chrome/52.0.874.0 Safari/534.0', '2025-08-16 00:15:38'),
(303, '27818c0223744ceb9d968c45ebcd6ceb', '53294800fcc04e5690282017ee4a4408', 'https://www.munoz.com/', 'Cut cold month.', 'http://henderson.com/', 'GY', 'Desktop', 'iOS', 'Zen', '152.104.42.41', 'Mozilla/5.0 (Macintosh; U; Intel Mac OS X 10_10_2) AppleWebKit/532.0 (KHTML, like Gecko) Chrome/45.0.842.0 Safari/532.0', '2025-08-24 23:04:43'),
(304, '1724a4e8a3464c1bbb141ad56dd166a9', '64600f600b8a481b95f681c7f860ca75', 'https://hess-heath.com/', 'News wonder everyone.', '', 'SY', 'Tablet', 'iOS', 'Zen', '131.20.184.177', 'Mozilla/5.0 (X11; Linux i686; rv:1.9.7.20) Gecko/2019-11-24 10:02:50 Firefox/3.6.12', '2025-05-10 19:46:24'),
(305, '80cdb7107a534106b669a695436f3b2d', '32b3817c94b84fa6a6160bdbb113b0f0', 'https://www.chen.com/', 'Evening another young media letter.', '', 'BA', 'Tablet', 'macOS', 'Edge', '39.112.197.101', 'Mozilla/5.0 (Macintosh; U; Intel Mac OS X 10_12_5) AppleWebKit/532.0 (KHTML, like Gecko) Chrome/28.0.837.0 Safari/532.0', '2025-02-15 21:46:50'),
(306, '4b21fc1fbdc040219c2fe88aa29caeb3', '6fe5d3e451254da7b6762986d841b05a', 'http://www.west.com/', 'Box picture generation.', '', 'BH', 'Tablet', 'Windows', 'Edge', '59.56.158.88', 'Mozilla/5.0 (compatible; MSIE 7.0; Windows NT 5.2; Trident/3.1)', '2025-01-10 22:18:39'),
(307, 'fc496df4839f483283b1aefb81facafe', 'd3e756c015bf4124928fb8a726a2e2bc', 'https://www.price.net/', 'Green professional power.', 'https://www.smith.org/', 'TJ', 'Tablet', 'macOS', 'Chrome', '9.117.58.21', 'Mozilla/5.0 (compatible; MSIE 9.0; Windows NT 6.1; Trident/4.1)', '2025-01-12 22:02:34'),
(308, '461d3e2f29204016885ed3694b31b0e5', 'fd57860e016948de88ea1deaace75021', 'https://johnston.biz/', 'Service far.', 'https://carpenter.net/', 'PH', 'Tablet', 'Linux', 'Chrome', '144.233.67.159', 'Opera/9.19.(X11; Linux i686; szl-PL) Presto/2.9.174 Version/11.00', '2025-07-13 17:33:30'),
(309, '701e3e170d564d2d95569b160d104a98', 'd61467be2b644d7992ecdfb4952dbe1b', 'https://austin.com/', 'Nor current movement.', 'http://warner.com/', 'DJ', 'Desktop', 'macOS', 'Chrome', '176.240.171.66', 'Mozilla/5.0 (compatible; MSIE 5.0; Windows NT 4.0; Trident/5.1)', '2025-01-14 12:21:53'),
(310, '5deba3955fa14809b96f196cf6a521d3', '01b8ebd7242a46ae81d75e83932941bb', 'http://www.mosley.com/', 'Late watch over scientist.', '', 'SI', 'Mobile', 'Linux', 'Opera', '2.45.12.92', 'Opera/8.55.(X11; Linux x86_64; hy-AM) Presto/2.9.162 Version/12.00', '2025-03-03 02:40:21'),
(311, '655709e9fe9b4af9b01b44f3da7a9371', '1a91d2eb68884b7d9c8f54f417187385', 'https://www.hill.biz/', 'Speak pass subject machine.', 'http://torres-garner.org/', 'TG', 'Mobile', 'Linux', 'Opera', '130.224.121.234', 'Mozilla/5.0 (iPad; CPU iPad OS 4_2_1 like Mac OS X) AppleWebKit/533.0 (KHTML, like Gecko) CriOS/30.0.868.0 Mobile/97Y593 Safari/533.0', '2025-01-04 11:12:49'),
(312, '22fdd32667544b0daa9ade2d4b758326', '963f0171d33848c79dff22ef11cc02fa', 'http://garcia-thomas.net/', 'Region show instead term pattern.', 'https://www.rodriguez-huynh.info/', 'RO', 'Tablet', 'macOS', 'Safari', '212.35.65.234', 'Mozilla/5.0 (Windows 98) AppleWebKit/534.2 (KHTML, like Gecko) Chrome/35.0.807.0 Safari/534.2', '2025-04-12 20:45:54'),
(313, 'f155933005cc41bc8f542e52ea8c8f3d', '4edc785fd0194da98f4c9dfbec85e389', 'https://www.sanchez.biz/', 'Get law behavior.', 'https://case-phillips.com/', 'BG', 'Desktop', 'iOS', 'Edge', '118.112.52.123', 'Mozilla/5.0 (X11; Linux x86_64) AppleWebKit/536.1 (KHTML, like Gecko) Chrome/44.0.810.0 Safari/536.1', '2025-04-28 12:41:44'),
(314, '19e3c492ada548458d4184d201ea7dbd', '9f3ee0d839774eda8fae1fe550e33bfe', 'https://kelly.com/', 'Foreign really add third.', '', 'KN', 'Desktop', 'Linux', 'Edge', '23.215.130.221', 'Opera/8.65.(X11; Linux i686; sq-AL) Presto/2.9.188 Version/10.00', '2025-02-18 11:46:19'),
(315, 'e6c9328b5a124d1a8411583a3b9dfece', '0bf623a30b3f48ffa14dc8c44cd9ee40', 'http://www.vasquez.net/', 'Suggest upon offer.', 'http://bird-phillips.net/', 'PE', 'Mobile', 'macOS', 'Safari', '137.248.27.227', 'Mozilla/5.0 (X11; Linux i686; rv:1.9.5.20) Gecko/2021-02-07 03:29:24 Firefox/3.6.5', '2025-01-19 10:52:46'),
(316, '389dddf27c0b433c8c97053fcce77c95', '71f61c2533744ec1b1d0554e91725775', 'https://jackson.com/', 'According agent.', '', 'SV', 'Mobile', 'Windows', 'Edge', '182.178.187.119', 'Mozilla/5.0 (Macintosh; Intel Mac OS X 10_8_6; rv:1.9.4.20) Gecko/2025-04-07 07:56:57 Firefox/3.8', '2025-08-27 09:14:38'),
(317, '301a954589cc4d3889eeb4124e5c9427', '53cffb17e15e4bd18c6772a2de642e0d', 'https://thompson.com/', 'Parent wonder blue low.', 'https://www.howard-daniels.com/', 'BJ', 'Tablet', 'Android', 'Edge', '157.191.48.179', 'Mozilla/5.0 (compatible; MSIE 7.0; Windows NT 4.0; Trident/5.1)', '2025-06-30 15:45:22'),
(318, 'ca727e250a2a4af885d47383b016a2c1', '3cf53e6d65944db1a9d94f4643c9d19a', 'http://allen.net/', 'Me yet.', 'https://adams.org/', 'SL', 'Mobile', 'iOS', 'Safari', '211.222.3.254', 'Opera/8.86.(Windows 98; bs-BA) Presto/2.9.168 Version/12.00', '2025-02-01 20:02:02'),
(319, 'e881d9eaca4245cb958e8a52821381ab', 'aa7d786b1e6c4c0392ac16733ab1361d', 'http://www.fisher.com/', 'Probably smile ago risk box.', '', 'VN', 'Tablet', 'macOS', 'Firefox', '47.240.51.223', 'Mozilla/5.0 (iPod; U; CPU iPhone OS 3_2 like Mac OS X; aa-ER) AppleWebKit/531.45.6 (KHTML, like Gecko) Version/4.0.5 Mobile/8B114 Safari/6531.45.6', '2025-03-12 16:16:49');
INSERT INTO `analytics` (`id`, `visitor_id`, `session_id`, `page_url`, `page_title`, `referrer`, `country`, `device`, `os`, `browser`, `ip_address`, `user_agent`, `visit_time`) VALUES
(320, '260d0d0df841479eabdc34a941a32e2a', '15bdbe0d720c4955835c3aebe403871c', 'https://lynn.com/', 'So grow bit.', 'https://coleman.com/', 'SG', 'Mobile', 'Android', 'Chrome', '68.211.142.47', 'Mozilla/5.0 (Macintosh; U; Intel Mac OS X 10_7_4) AppleWebKit/532.0 (KHTML, like Gecko) Chrome/32.0.822.0 Safari/532.0', '2025-04-13 07:36:17'),
(321, 'b6204de85df7442dbf818c646d6758f2', '5c2a2d2b1f5d4655a88dd2ee773f02aa', 'http://rivera.biz/', 'Mission assume best better.', 'http://www.gibbs-rodriguez.org/', 'AF', 'Desktop', 'Windows', 'Edge', '91.134.24.140', 'Opera/9.14.(X11; Linux i686; hne-IN) Presto/2.9.174 Version/11.00', '2025-05-03 04:52:59'),
(322, 'e0e1b9b479ee4ebfb62bbe8caac80213', 'aa44bee28e674d89bbb11eae0f38fbdd', 'https://rush-jones.com/', 'Consider high model pretty positive.', 'http://larson.com/', 'MA', 'Tablet', 'Android', 'Safari', '65.5.86.128', 'Opera/8.44.(X11; Linux i686; tn-ZA) Presto/2.9.186 Version/12.00', '2025-01-28 12:40:18'),
(323, 'f56c42b463844765b195dda7eb815520', '3379f717333c4b7e981c6b6a8fd30f06', 'http://hall-garcia.com/', 'List with side least sense.', '', 'MT', 'Tablet', 'iOS', 'Zen', '58.145.113.207', 'Mozilla/5.0 (iPad; CPU iPad OS 4_2_1 like Mac OS X) AppleWebKit/535.1 (KHTML, like Gecko) CriOS/58.0.894.0 Mobile/32F304 Safari/535.1', '2025-06-08 10:41:21'),
(324, '92bfe279a0be4567857d5d8b91cdeea2', '0676794d5f0a42fab55f8a11bb2b3dfa', 'http://www.baker.com/', 'Work body section admit.', 'http://www.williams-ayers.com/', 'PW', 'Tablet', 'iOS', 'Firefox', '183.246.173.55', 'Opera/8.87.(X11; Linux i686; am-ET) Presto/2.9.181 Version/11.00', '2025-07-23 07:04:59'),
(325, '6013afdb38d84167a766a793f7866b2b', '2bb0b1e913e247c6a2d5263a584b411f', 'https://thornton-mitchell.org/', 'By game whatever both.', '', 'BN', 'Desktop', 'Android', 'Zen', '161.119.43.142', 'Opera/9.92.(Windows NT 6.1; ast-ES) Presto/2.9.166 Version/12.00', '2025-05-11 18:53:16'),
(326, '7d0777d40b954ff4a19df1dc913435de', '90fb80f2f5004fe8892b414763b091cb', 'http://www.taylor.net/', 'Public financial man.', 'https://www.vasquez-munoz.com/', 'AT', 'Tablet', 'Android', 'Opera', '199.125.142.152', 'Opera/9.54.(Windows NT 5.01; km-KH) Presto/2.9.166 Version/10.00', '2025-04-11 22:56:57'),
(327, 'fb085d99df5c4dc5923d488ebe86d064', 'cdeb25c3556842968855e205cd7d2022', 'https://www.carson.com/', 'Month try theory.', 'https://perez.net/', 'PH', 'Desktop', 'Windows', 'Edge', '215.50.128.197', 'Opera/9.12.(Windows 98; pap-AW) Presto/2.9.177 Version/10.00', '2025-03-22 04:35:52'),
(328, '2b47a16206ac4f689558333193457245', 'da4d10af9cfd463c8734a923203dc495', 'http://hart-andrews.com/', 'Strong way.', '', 'CM', 'Mobile', 'Android', 'Safari', '56.238.224.243', 'Mozilla/5.0 (Android 3.2; Mobile; rv:34.0) Gecko/34.0 Firefox/34.0', '2025-05-28 22:53:00'),
(329, 'aeffd5bf4f574e02a9ad3d8457826892', 'e652ca3bf3dd40538178363a8d5d8f68', 'http://www.allison-underwood.com/', 'Source break.', 'http://www.bartlett.info/', 'NO', 'Desktop', 'iOS', 'Safari', '148.46.193.46', 'Mozilla/5.0 (Macintosh; Intel Mac OS X 10_8_6 rv:6.0; iu-CA) AppleWebKit/534.29.6 (KHTML, like Gecko) Version/5.0.1 Safari/534.29.6', '2025-05-20 11:27:10'),
(330, 'da728d389fd34b4eb214b7727da49f38', 'f88add7516cd47d783744a9c59640217', 'https://ramos.com/', 'Reach these.', '', 'HU', 'Tablet', 'Linux', 'Opera', '161.215.131.75', 'Mozilla/5.0 (Linux; Android 5.0.1) AppleWebKit/534.0 (KHTML, like Gecko) Chrome/33.0.836.0 Safari/534.0', '2025-06-30 16:15:45'),
(331, 'c15074e8536c49f58a29da57ea51ecd1', '0d99399643a94ab380e7fa2466bb9c17', 'https://torres.org/', 'History base road social step.', 'https://www.bradley.com/', 'ER', 'Mobile', 'Android', 'Chrome', '18.33.204.124', 'Mozilla/5.0 (compatible; MSIE 9.0; Windows NT 6.1; Trident/4.0)', '2025-01-21 17:33:50'),
(332, 'c5a7f5598d4d4e9e82841764608dd141', '1be1a1ac4d5841a180470a5037b89335', 'http://murphy.biz/', 'Me ask example speak.', 'https://ball.com/', 'SR', 'Tablet', 'iOS', 'Safari', '97.153.76.209', 'Mozilla/5.0 (compatible; MSIE 6.0; Windows 95; Trident/3.0)', '2025-02-25 05:07:53'),
(333, '4ba2367770b84959a09b85bdac6d05ea', '461cc3c401274d179c7fdee4838d743a', 'https://shepherd-smith.com/', 'Best grow.', 'https://kennedy.info/', 'LB', 'Mobile', 'Linux', 'Opera', '148.47.199.88', 'Mozilla/5.0 (Windows; U; Windows NT 5.0) AppleWebKit/532.4.2 (KHTML, like Gecko) Version/5.0 Safari/532.4.2', '2025-07-03 07:56:19'),
(334, 'add53141590a475db1f2197c33fa3a53', '8bef71bf073545199f3fdfad60aec4c3', 'https://gonzalez.com/', 'Ahead now.', '', 'GT', 'Mobile', 'Android', 'Chrome', '29.251.204.147', 'Mozilla/5.0 (X11; Linux x86_64; rv:1.9.5.20) Gecko/2015-03-11 02:36:57 Firefox/3.6.2', '2025-01-13 00:04:21'),
(335, '69e199c7266b489bbf4a4fcbb65eb69b', '8be37c4b3679417a8db59b39b96dd3ec', 'https://www.williams.com/', 'Glass remain policy watch.', '', 'BG', 'Mobile', 'Linux', 'Safari', '216.167.159.74', 'Opera/9.30.(X11; Linux x86_64; lg-UG) Presto/2.9.178 Version/11.00', '2025-02-06 20:59:12'),
(336, '1019dfec6c364fb685d985c8c8293430', '94086162a9ea48d7a7908d3717768ae9', 'https://www.kline-miranda.com/', 'Thank bill.', 'http://www.jennings.org/', 'BB', 'Mobile', 'macOS', 'Firefox', '15.9.81.107', 'Mozilla/5.0 (X11; Linux i686) AppleWebKit/533.2 (KHTML, like Gecko) Chrome/31.0.893.0 Safari/533.2', '2025-07-20 09:02:30'),
(337, '26509f705eda4f0f8aa2fd00c06357ae', 'd38188ef4f474158b43309628cdfc608', 'http://www.poole-allen.com/', 'Learn him study produce.', 'http://campbell-rangel.com/', 'SN', 'Mobile', 'Linux', 'Firefox', '211.236.104.118', 'Mozilla/5.0 (iPhone; CPU iPhone OS 6_1_6 like Mac OS X) AppleWebKit/535.2 (KHTML, like Gecko) FxiOS/11.3i8168.0 Mobile/74T890 Safari/535.2', '2025-02-23 18:28:11'),
(338, '891df30d154448cf9dd06dd4720c58c2', '0a5e9d359754435dae1e704495429dd7', 'https://coffey.info/', 'Wonder later tell guy.', '', 'KG', 'Mobile', 'Windows', 'Safari', '188.253.180.161', 'Mozilla/5.0 (Windows NT 4.0; om-ET; rv:1.9.1.20) Gecko/2019-07-10 23:56:09 Firefox/3.8', '2025-05-23 08:13:53'),
(339, '6f00935ed91d48419a7ede4ef330a855', 'c7661cdc559d4a478e47b77942071c9b', 'http://www.adams-lawson.info/', 'Staff beat thought.', '', 'NZ', 'Mobile', 'macOS', 'Zen', '23.100.196.99', 'Mozilla/5.0 (iPhone; CPU iPhone OS 10_3_4 like Mac OS X) AppleWebKit/532.2 (KHTML, like Gecko) CriOS/19.0.830.0 Mobile/52J716 Safari/532.2', '2025-06-19 15:12:25'),
(340, '7a1570c3a36c4901956a25298bd2f24c', '633ec4fe71a74978b96053b01c52d061', 'http://baldwin-williams.com/', 'Significant wall by customer.', 'https://www.bray.info/', 'MK', 'Tablet', 'Windows', 'Opera', '98.192.120.237', 'Mozilla/5.0 (iPhone; CPU iPhone OS 4_2_1 like Mac OS X) AppleWebKit/535.0 (KHTML, like Gecko) FxiOS/16.0m8446.0 Mobile/18T021 Safari/535.0', '2025-05-02 16:00:06'),
(341, 'e58310d2d8034a6294eb2395c2069461', '78a07621102544cb9ecab2e359b257c9', 'https://moore-cole.info/', 'Street argue without look.', 'http://dodson.net/', 'AE', 'Desktop', 'Linux', 'Zen', '99.53.187.223', 'Mozilla/5.0 (Android 4.1.1; Mobile; rv:58.0) Gecko/58.0 Firefox/58.0', '2025-05-25 16:46:29'),
(342, '91db6b3655d84ea693e6ba56d302455e', 'd5f434527bf74c8aaa5a71650ed74652', 'https://www.patrick.com/', 'Tv Congress attack.', '', 'ER', 'Desktop', 'Linux', 'Chrome', '188.191.216.8', 'Mozilla/5.0 (Windows NT 5.0; az-IN; rv:1.9.1.20) Gecko/2021-12-30 03:33:34 Firefox/15.0', '2025-07-23 02:25:08'),
(343, 'abdb9e6b21864cf6a1ffe2f9fd73044b', '581589df8ff9453e9f8501e6e9c89a6b', 'http://www.burke-matthews.com/', 'Mrs during.', '', 'AG', 'Desktop', 'Linux', 'Zen', '4.165.53.57', 'Opera/9.77.(X11; Linux x86_64; hak-TW) Presto/2.9.165 Version/10.00', '2025-05-27 14:53:24'),
(344, 'a90841ec117745d1a83ff3f05683e69d', 'b72401359a904223b46d195d6c32d735', 'https://rivera.com/', 'Wonder us.', 'http://wilson.com/', 'SB', 'Tablet', 'Android', 'Zen', '96.23.80.5', 'Mozilla/5.0 (Macintosh; Intel Mac OS X 10_11_2 rv:6.0; gd-GB) AppleWebKit/531.47.4 (KHTML, like Gecko) Version/5.0.2 Safari/531.47.4', '2025-01-10 02:41:09'),
(345, '044f40adacb94c399a94716b48c20030', '82a54c03303c4541aaeb9724565d7580', 'http://www.peterson.net/', 'Hour impact traditional.', '', 'VC', 'Mobile', 'Android', 'Opera', '63.132.6.106', 'Mozilla/5.0 (iPad; CPU iPad OS 6_1_6 like Mac OS X) AppleWebKit/532.0 (KHTML, like Gecko) CriOS/44.0.814.0 Mobile/22U357 Safari/532.0', '2025-08-27 02:04:31'),
(346, '6413260eb9ba4899a27e69948b94a5c5', '1c944e4cf63d45c6a516d38260b6693f', 'https://brown.com/', 'Approach plant challenge purpose.', 'http://sparks.net/', 'CG', 'Desktop', 'Linux', 'Opera', '209.193.245.38', 'Mozilla/5.0 (Macintosh; Intel Mac OS X 10_5_8; rv:1.9.5.20) Gecko/2020-11-24 19:59:59 Firefox/3.6.19', '2025-07-03 19:18:04'),
(347, 'a99a054241e046719e790da0db60bb6e', '02f2679cdc054fb3bd3695aed5611c0f', 'https://www.cole.com/', 'Me or.', 'http://www.orr-townsend.info/', 'MK', 'Tablet', 'Android', 'Edge', '72.26.85.15', 'Mozilla/5.0 (compatible; MSIE 7.0; Windows NT 6.2; Trident/3.0)', '2025-03-12 05:16:16'),
(348, '897f9529026f46fc93646472a9a3e42c', '32e1c71916a84231a1b547f37854b38c', 'https://www.davis.net/', 'Step such different become.', '', 'LB', 'Desktop', 'Linux', 'Edge', '101.169.239.56', 'Mozilla/5.0 (Macintosh; Intel Mac OS X 10_9_2 rv:6.0; fi-FI) AppleWebKit/534.28.2 (KHTML, like Gecko) Version/4.0.1 Safari/534.28.2', '2025-07-23 11:11:20'),
(349, '452205e2cea24fb1a87b75a258e0e38c', '5fe2fffa97e14feda32b7089f3c5eb81', 'http://trevino-morrison.com/', 'Ahead consider they also.', '', 'GA', 'Desktop', 'iOS', 'Chrome', '219.149.11.146', 'Mozilla/5.0 (X11; Linux x86_64; rv:1.9.5.20) Gecko/2020-04-13 14:47:41 Firefox/8.0', '2025-04-04 04:28:46'),
(350, '7900e52c3ff2412ea8f6f6018f696f60', 'e4665ab7f57f4ee3b3a6a3bece9dc2b6', 'https://spears-mcdonald.org/', 'Again tax officer.', 'https://www.martinez.org/', 'TM', 'Mobile', 'iOS', 'Chrome', '16.46.187.175', 'Mozilla/5.0 (compatible; MSIE 7.0; Windows NT 5.2; Trident/4.0)', '2025-02-23 10:11:24'),
(351, '36d60436bae74453b26c1f6b2ba49776', '027bca9bef324af78106fe7b77107405', 'http://brooks.com/', 'Second especially usually family.', 'http://www.harrison.com/', 'PG', 'Mobile', 'macOS', 'Safari', '104.111.181.124', 'Mozilla/5.0 (X11; Linux i686; rv:1.9.6.20) Gecko/2013-04-23 11:52:42 Firefox/5.0', '2025-01-25 05:22:40'),
(352, '5ffff42226e04b958a02a3e0f54c0194', '409a87d44e8f4c77bbf858e4fe1cb695', 'http://www.clark.com/', 'Artist officer determine thus quite.', 'http://woodward.com/', 'EC', 'Tablet', 'Android', 'Safari', '53.199.25.107', 'Mozilla/5.0 (Macintosh; Intel Mac OS X 10_11_4 rv:5.0; cs-CZ) AppleWebKit/533.37.1 (KHTML, like Gecko) Version/5.1 Safari/533.37.1', '2025-05-23 03:52:07'),
(353, 'f211844124704d7996f2e0f69f62a897', '0ed8d9e1174b400f96415a9e9b9a21ec', 'https://www.cobb.com/', 'Check risk full woman role.', '', 'NZ', 'Desktop', 'macOS', 'Zen', '122.211.4.245', 'Mozilla/5.0 (compatible; MSIE 5.0; Windows NT 5.0; Trident/3.1)', '2025-02-16 12:06:04'),
(354, '730020816ff34b66b003e613e55287d0', '714da7ea46bc444a99709b4bf7f034c5', 'http://www.smith.info/', 'Center must Mrs animal of.', 'https://www.glass.net/', 'AT', 'Mobile', 'Android', 'Firefox', '206.74.112.152', 'Opera/9.54.(X11; Linux x86_64; is-IS) Presto/2.9.170 Version/11.00', '2025-04-21 10:02:25'),
(355, '11bf7643afbd43559cb06302590b6ea1', 'c26f0155fdbe4f708e8b344203d625dc', 'http://miller.info/', 'Myself house second consider.', 'https://www.shea.biz/', 'BS', 'Desktop', 'Android', 'Chrome', '117.247.111.167', 'Mozilla/5.0 (Windows CE) AppleWebKit/535.0 (KHTML, like Gecko) Chrome/56.0.825.0 Safari/535.0', '2025-08-10 11:52:39'),
(356, 'e801754d07f74f05a050ae002fb2f738', '7b7c6fcc8d4a422986f5c1f9336d95fe', 'http://www.wright.com/', 'Another thank provide executive far.', 'https://www.wilson-barton.org/', 'GE', 'Mobile', 'Android', 'Opera', '207.173.82.64', 'Mozilla/5.0 (Android 2.3.2; Mobile; rv:7.0) Gecko/7.0 Firefox/7.0', '2025-04-13 22:58:48'),
(357, 'a36b14f6ea7a4b6fabcaf91f34f819ad', '8b4b5a34dab145d3825ef4c59142742e', 'https://rogers-watkins.net/', 'Production message behind argue health.', '', 'VE', 'Tablet', 'Linux', 'Zen', '30.131.54.223', 'Mozilla/5.0 (compatible; MSIE 9.0; Windows NT 6.0; Trident/3.1)', '2025-03-11 03:27:39'),
(358, '3da40c13073c48d6b312ecad1c27bd67', '83847aef272b4b8f8d370330d7eb96b7', 'https://clark.com/', 'Main capital church.', 'https://www.newman.com/', 'MR', 'Desktop', 'Windows', 'Zen', '51.236.7.228', 'Mozilla/5.0 (Windows NT 10.0; et-EE; rv:1.9.2.20) Gecko/2020-04-15 07:10:24 Firefox/3.8', '2025-01-17 19:06:59'),
(359, '41835aef4fe74ad79e6608259fe58fcb', 'ad13607f94ff4a9988f4082b9fb2462d', 'http://pollard.com/', 'Lead issue husband few lay.', 'https://www.arnold.com/', 'NA', 'Mobile', 'Windows', 'Chrome', '186.50.128.199', 'Mozilla/5.0 (compatible; MSIE 9.0; Windows NT 6.0; Trident/3.1)', '2025-05-29 23:35:27'),
(360, 'f9082fc3cb284277b5a559555bb7e240', '363bad8ee4204f60ba3b31eaf971c4e7', 'http://www.kennedy-ewing.net/', 'Discuss produce.', 'https://harris.com/', 'RU', 'Desktop', 'Linux', 'Chrome', '70.28.216.67', 'Mozilla/5.0 (compatible; MSIE 6.0; Windows NT 4.0; Trident/3.0)', '2025-05-24 20:58:00'),
(361, 'abb9936361d34bf298883dede6f733ad', '9e9b4574a1c5488a8f8f40021b1064bb', 'https://cochran-robinson.com/', 'Lawyer guy speak list.', 'http://www.johnson-vargas.biz/', 'LC', 'Desktop', 'Linux', 'Safari', '76.27.92.161', 'Mozilla/5.0 (iPad; CPU iPad OS 14_2 like Mac OS X) AppleWebKit/535.2 (KHTML, like Gecko) CriOS/52.0.859.0 Mobile/21P205 Safari/535.2', '2025-07-14 10:40:31'),
(362, 'aa1f145ccb0f46349aec8b41cc3f0fb4', '49883e28c86d4a14a88ce58c7d8fe9f7', 'http://www.mckay.info/', 'Finally system.', 'https://bryan.com/', 'GW', 'Desktop', 'iOS', 'Safari', '23.225.193.34', 'Opera/9.38.(X11; Linux x86_64; sd-IN) Presto/2.9.178 Version/11.00', '2025-08-02 07:10:12'),
(363, 'ffdaece74bf74f04a73be9107a672d2c', '1eef539cc51c416fa9991e4ab946f5e5', 'http://rivera-white.com/', 'New white us red score.', '', 'CM', 'Tablet', 'macOS', 'Edge', '30.183.76.40', 'Mozilla/5.0 (Macintosh; Intel Mac OS X 10_9_4 rv:2.0; or-IN) AppleWebKit/535.2.2 (KHTML, like Gecko) Version/4.0.4 Safari/535.2.2', '2025-06-19 14:28:42'),
(364, '6e12479739e64a60b69e0fbe97abc758', 'c59ff3b84f664cdb914bba0b283d3deb', 'http://schultz.com/', 'Notice gun.', 'http://www.mccarthy.biz/', 'CD', 'Mobile', 'iOS', 'Chrome', '133.248.179.71', 'Mozilla/5.0 (iPhone; CPU iPhone OS 3_1_3 like Mac OS X) AppleWebKit/532.2 (KHTML, like Gecko) CriOS/56.0.820.0 Mobile/44V403 Safari/532.2', '2025-04-29 03:38:02'),
(365, '91670d09b14b4c9099cfaffeae9399c8', '062ac1bd095b400d80571f26849faa37', 'http://norris.com/', 'Rest plant five garden.', 'https://www.knapp.com/', 'BR', 'Desktop', 'macOS', 'Zen', '205.34.102.195', 'Mozilla/5.0 (compatible; MSIE 5.0; Windows NT 5.1; Trident/3.0)', '2025-06-25 04:37:00'),
(366, 'c33ed588f348442590e13c277a86460a', '9c5951f7924a45e4a83dac97519d51f1', 'http://martin.info/', 'Against better camera middle.', 'http://www.booth.com/', 'TD', 'Desktop', 'Linux', 'Safari', '153.192.181.11', 'Opera/8.85.(X11; Linux x86_64; ja-JP) Presto/2.9.188 Version/10.00', '2025-02-06 03:09:05'),
(367, 'd545cef1d8f74d439d83b256dc5be3fa', 'd6debe7476054cdaae049ee9333eb0b8', 'https://mccormick.net/', 'Miss entire performance loss.', '', 'CL', 'Mobile', 'Windows', 'Safari', '14.176.33.212', 'Mozilla/5.0 (Linux; Android 2.3.1) AppleWebKit/533.1 (KHTML, like Gecko) Chrome/51.0.828.0 Safari/533.1', '2025-01-14 01:09:10'),
(368, 'bb538e8b877c4fe3819e98a2c7fc321b', 'f053bd26faf643de9c59ef22bd1b5fa3', 'https://www.raymond.com/', 'Focus mention.', 'http://rodriguez.com/', 'JP', 'Mobile', 'Linux', 'Edge', '70.184.215.165', 'Mozilla/5.0 (Windows NT 5.0) AppleWebKit/531.2 (KHTML, like Gecko) Chrome/39.0.800.0 Safari/531.2', '2025-08-12 20:20:40'),
(369, 'c600d1ad4b78407aa49d97efc71298a7', '555985ce5eda4288904f0b0c2e485724', 'http://rodriguez.biz/', 'Leader collection road government society.', '', 'AR', 'Mobile', 'iOS', 'Firefox', '159.44.152.119', 'Mozilla/5.0 (Macintosh; Intel Mac OS X 10_7_1; rv:1.9.6.20) Gecko/2012-06-15 09:35:54 Firefox/3.6.9', '2025-03-10 00:30:17'),
(370, '02b2e7a133ee476e8faf43f7f7c629cc', '2b49d2b465e34aaa87e85bbeb0fee81c', 'http://www.boyd.com/', 'Boy character manage happy.', '', 'AO', 'Mobile', 'iOS', 'Chrome', '202.197.156.236', 'Mozilla/5.0 (Windows NT 10.0; ve-ZA; rv:1.9.2.20) Gecko/2024-09-12 05:30:04 Firefox/9.0', '2025-02-08 19:56:35'),
(371, 'ff500931f36844b0af56449e9e6eb767', '75dc13b11508458281691d55012f71d3', 'https://potter.com/', 'Act nice east.', '', 'TV', 'Desktop', 'iOS', 'Edge', '139.223.187.99', 'Mozilla/5.0 (Windows NT 5.0) AppleWebKit/534.0 (KHTML, like Gecko) Chrome/21.0.801.0 Safari/534.0', '2025-05-03 19:55:15'),
(372, '1c7dcb7061dd41f39591e0a894287623', 'da637d8c297c4c83adf34d8d196de1a4', 'http://www.young-franco.net/', 'Economy under church.', '', 'TR', 'Mobile', 'iOS', 'Edge', '61.90.57.165', 'Opera/9.95.(X11; Linux i686; fo-FO) Presto/2.9.160 Version/12.00', '2025-02-27 19:50:57'),
(373, 'd1ee4652d0aa4e87b1f0591fe0d7e11a', '90dafa0497b344ebb30ccd049575f546', 'http://www.adams.com/', 'Throw factor rate.', 'http://www.west-franco.com/', 'BR', 'Desktop', 'Linux', 'Edge', '13.45.254.149', 'Mozilla/5.0 (iPad; CPU iPad OS 4_2_1 like Mac OS X) AppleWebKit/532.1 (KHTML, like Gecko) CriOS/47.0.878.0 Mobile/58I678 Safari/532.1', '2025-03-01 00:24:20'),
(374, 'f8a363f725dc4c3e932c612b22250a07', 'f6f5bf41cbcd4ea5aa173ac3baa9e8de', 'http://beltran.com/', 'Hundred board thus.', 'http://forbes-moore.com/', 'MU', 'Mobile', 'Android', 'Chrome', '162.74.156.205', 'Mozilla/5.0 (Macintosh; U; PPC Mac OS X 10_12_8) AppleWebKit/533.2 (KHTML, like Gecko) Chrome/13.0.858.0 Safari/533.2', '2025-06-22 23:45:50'),
(375, 'b248c6054884455a85ca25e7f978aad8', '61455ec1d24243188bf1500106e47698', 'http://www.edwards-martin.org/', 'Section north still what.', '', 'ME', 'Tablet', 'Linux', 'Opera', '80.174.125.83', 'Mozilla/5.0 (Windows; U; Windows NT 5.2) AppleWebKit/534.25.4 (KHTML, like Gecko) Version/5.0.5 Safari/534.25.4', '2025-05-10 20:52:10'),
(376, '8c20cbce0ce14f3d95c16f5c42831ee4', 'd003ff7fae2941749fd98f43f3a33338', 'https://www.armstrong.com/', 'Amount technology must.', 'https://www.mcconnell.com/', 'EE', 'Mobile', 'Windows', 'Safari', '38.195.129.33', 'Mozilla/5.0 (Macintosh; PPC Mac OS X 10_7_3; rv:1.9.5.20) Gecko/2024-09-25 17:52:13 Firefox/14.0', '2025-02-07 16:50:42'),
(377, 'a9bb441b95784f0298f23489ca059c96', 'ea31b77dd272458ba3c51db1652aa6cb', 'https://www.cantrell.com/', 'Safe practice space.', '', 'AF', 'Mobile', 'iOS', 'Safari', '41.126.148.163', 'Opera/9.67.(Windows NT 5.2; it-CH) Presto/2.9.163 Version/10.00', '2025-04-24 03:02:08'),
(378, 'd8912a898e8b44ff973505eec050ee79', 'ae52b02ed75f4c1f943b319a054f73a3', 'https://reyes.com/', 'Market everything.', 'http://norman.info/', 'GE', 'Desktop', 'Linux', 'Chrome', '21.161.239.248', 'Opera/9.55.(Windows NT 4.0; yi-US) Presto/2.9.174 Version/12.00', '2025-07-23 15:39:28'),
(379, 'c22041b4217648d79b3f319858eb715f', '1960f0d651514704a75b95d35e5c92d5', 'https://www.keller-jones.com/', 'Able make back last.', 'http://www.robinson.com/', 'TW', 'Desktop', 'Android', 'Opera', '83.142.159.17', 'Opera/8.87.(X11; Linux x86_64; ug-CN) Presto/2.9.187 Version/12.00', '2025-07-20 20:12:23'),
(380, '5361befca2ba49948b88bd19bb0752eb', '7506b3a883724550ab501bf9618206dc', 'http://www.hoffman.com/', 'Manage consider course opportunity.', 'https://www.woods.biz/', 'WS', 'Tablet', 'Linux', 'Opera', '11.207.59.113', 'Mozilla/5.0 (compatible; MSIE 7.0; Windows 98; Win 9x 4.90; Trident/4.1)', '2025-02-11 05:23:08'),
(381, '979ba63bc7174dc98d89447ff87d9ad0', '356c80c0fbff44968e087f29034ffa68', 'http://www.gutierrez-jackson.net/', 'Section miss time security.', 'https://ramos.org/', 'TM', 'Tablet', 'Windows', 'Safari', '39.104.26.125', 'Mozilla/5.0 (compatible; MSIE 7.0; Windows NT 5.01; Trident/5.1)', '2025-01-30 06:02:46'),
(382, 'b8dc733dd3bc43459f87833aa51d1da9', 'fd8405a6ee574d02aee50629bd2a371e', 'https://www.parker-garcia.org/', 'Peace woman.', 'http://herman.com/', 'IR', 'Tablet', 'macOS', 'Safari', '99.159.206.149', 'Mozilla/5.0 (Macintosh; U; PPC Mac OS X 10_5_7 rv:5.0; uk-UA) AppleWebKit/535.43.4 (KHTML, like Gecko) Version/5.1 Safari/535.43.4', '2025-08-26 05:01:57'),
(383, '03b34f5971c34466b2745818aee0c428', '6919c4af99754eedaeceb52055e742c6', 'https://alvarez.org/', 'Continue heart boy time.', 'http://schroeder.com/', 'PH', 'Mobile', 'macOS', 'Opera', '199.244.251.34', 'Mozilla/5.0 (compatible; MSIE 6.0; Windows 98; Trident/5.0)', '2025-01-15 00:36:51'),
(384, '9ae334024dc3488db72d268628a1f5fe', '142bce883fad4b2080807eb94b23181b', 'http://www.saunders.net/', 'Song capital among.', 'https://hill-chen.com/', 'TL', 'Desktop', 'Linux', 'Opera', '23.221.34.203', 'Mozilla/5.0 (compatible; MSIE 7.0; Windows 98; Win 9x 4.90; Trident/3.0)', '2025-08-12 18:16:19'),
(385, 'd91d40573e4148048630895fc25c0b73', 'fcd9059f411d498b8cd6748b8f5cb31c', 'http://miller.info/', 'But business series lawyer.', 'http://www.barron.com/', 'PL', 'Desktop', 'Windows', 'Edge', '160.186.106.243', 'Opera/9.28.(X11; Linux i686; gv-GB) Presto/2.9.190 Version/12.00', '2025-01-06 01:57:31'),
(386, '4d5fa44b590846a5a6626671767601f2', 'c10fa890e0c1418c80bf40554efcb66f', 'http://chandler-miranda.net/', 'Maintain head Congress value hit.', 'http://torres-nichols.com/', 'MV', 'Mobile', 'macOS', 'Edge', '96.72.129.14', 'Mozilla/5.0 (Macintosh; Intel Mac OS X 10_9_1; rv:1.9.6.20) Gecko/2025-04-25 06:32:46 Firefox/3.6.16', '2025-02-28 00:41:35'),
(387, 'aeb68da1c96946238d705075fbe7371a', '0317ecd1a3454c599569bb60e7a8f3e3', 'http://chapman.com/', 'Reflect bring simply certain.', 'https://edwards.info/', 'EG', 'Mobile', 'macOS', 'Firefox', '1.8.198.162', 'Mozilla/5.0 (Macintosh; PPC Mac OS X 10_11_2 rv:6.0; wo-SN) AppleWebKit/532.19.2 (KHTML, like Gecko) Version/5.0.2 Safari/532.19.2', '2025-01-23 21:53:45'),
(388, 'bb7ecf6e59474e1f88c3f7270473f9ab', '3ff67a827cd24789b0cea67d0eb15e63', 'http://www.taylor-smith.biz/', 'Any man.', 'https://morales-morrow.com/', 'LV', 'Desktop', 'macOS', 'Opera', '82.14.112.169', 'Mozilla/5.0 (Macintosh; U; PPC Mac OS X 10_7_2) AppleWebKit/534.2 (KHTML, like Gecko) Chrome/30.0.815.0 Safari/534.2', '2025-03-14 23:50:14'),
(389, '08f0d45781614edb97d3e70035f99272', '022ec8b03fba40a9bf7b061e15e0be1f', 'https://ware.biz/', 'Pull analysis age everything.', 'https://mendez.com/', 'VA', 'Mobile', 'Android', 'Firefox', '179.5.34.208', 'Mozilla/5.0 (X11; Linux i686; rv:1.9.5.20) Gecko/2021-10-22 13:06:26 Firefox/3.6.14', '2025-08-25 23:14:36'),
(390, '893bbeb3771f4ebea75af02e874a5b0c', 'c833570af99e401ca7d906f80f477503', 'http://www.blake.biz/', 'Discover case position.', '', 'DZ', 'Mobile', 'Android', 'Edge', '96.217.172.92', 'Mozilla/5.0 (X11; Linux i686) AppleWebKit/533.0 (KHTML, like Gecko) Chrome/37.0.881.0 Safari/533.0', '2025-07-05 02:00:03'),
(391, 'f2ba27d40d924ab0b1d512b3be34ffaf', 'df2a801d86414a1f82d131a14ed920b8', 'http://www.wood.biz/', 'Statement apply speak bag example.', '', 'DJ', 'Desktop', 'Android', 'Firefox', '199.239.203.208', 'Mozilla/5.0 (iPod; U; CPU iPhone OS 3_1 like Mac OS X; sat-IN) AppleWebKit/532.11.5 (KHTML, like Gecko) Version/4.0.5 Mobile/8B117 Safari/6532.11.5', '2025-05-25 14:46:03'),
(392, 'e3f008a73e53456893605ebebe18ac17', '5f8fe3459efb4e43a0ce17eaf6ac7264', 'http://taylor.com/', 'Arm think trade.', '', 'MA', 'Tablet', 'Linux', 'Opera', '163.21.50.234', 'Mozilla/5.0 (compatible; MSIE 7.0; Windows NT 4.0; Trident/5.1)', '2025-05-26 21:54:08'),
(393, 'ca35d3e02c9d47b6941b2ad21bb90bcf', '9abd4309ff50478f914f8c2471e71160', 'https://bates.org/', 'Cut off something.', 'http://www.sanders.info/', 'PY', 'Desktop', 'Android', 'Chrome', '101.136.68.206', 'Mozilla/5.0 (X11; Linux i686; rv:1.9.5.20) Gecko/2013-10-30 12:54:59 Firefox/7.0', '2025-04-04 13:52:13'),
(394, '41396f0f4eef478e901c798cee8990bf', 'd1f7c575a33e432e900a5301484062a9', 'http://sanders.com/', 'Reduce way minute.', 'http://davis.com/', 'ET', 'Mobile', 'macOS', 'Opera', '201.112.9.247', 'Mozilla/5.0 (iPod; U; CPU iPhone OS 3_1 like Mac OS X; tig-ER) AppleWebKit/534.27.4 (KHTML, like Gecko) Version/4.0.5 Mobile/8B119 Safari/6534.27.4', '2025-04-27 21:44:24'),
(395, 'cdf5c4f7a3e449dcaffcbf9513c0dc82', '6957142582cd40bfa9df788ea2b56fb8', 'http://www.robles.com/', 'Foreign baby teacher happy.', 'https://www.hernandez.com/', 'AE', 'Desktop', 'macOS', 'Safari', '66.18.148.89', 'Opera/9.67.(X11; Linux i686; ja-JP) Presto/2.9.169 Version/10.00', '2025-02-03 10:58:13'),
(396, '1a4bcec8df1a4d4db66d3a81689d6e65', '4c9098224ced4dbfa69e37f3ca8e9a61', 'http://miller.com/', 'Look system them.', '', 'IN', 'Tablet', 'macOS', 'Zen', '104.12.171.123', 'Mozilla/5.0 (X11; Linux i686) AppleWebKit/536.1 (KHTML, like Gecko) Chrome/62.0.809.0 Safari/536.1', '2025-01-21 06:43:59'),
(397, '18034b2acdf6481abb57aa72566c241c', 'c1c3e3a960664abdac8833fe8531a526', 'http://brown-moreno.biz/', 'Become factor game you minute.', 'https://www.barber.com/', 'NR', 'Tablet', 'Linux', 'Safari', '149.252.115.208', 'Mozilla/5.0 (X11; Linux i686) AppleWebKit/535.1 (KHTML, like Gecko) Chrome/63.0.891.0 Safari/535.1', '2025-08-14 09:44:37'),
(398, '615f151c5baf4953a8752e91f5c07bbd', '3b9a18c6cd704456b724ea4b4a488535', 'https://www.martinez.info/', 'Bring thing whole.', 'https://www.phillips.com/', 'CL', 'Mobile', 'Windows', 'Opera', '42.198.27.27', 'Mozilla/5.0 (Linux; Android 4.3.1) AppleWebKit/531.0 (KHTML, like Gecko) Chrome/23.0.832.0 Safari/531.0', '2025-06-17 09:24:24'),
(399, '29cb4a64372d478680272d3cabe4ea2f', 'c6e04bb1474041c0a0bb1f3dba6abb97', 'http://www.brooks.biz/', 'Lot military police.', '', 'UY', 'Mobile', 'Android', 'Firefox', '192.72.172.170', 'Mozilla/5.0 (X11; Linux x86_64) AppleWebKit/532.1 (KHTML, like Gecko) Chrome/47.0.820.0 Safari/532.1', '2025-01-24 13:02:02'),
(400, 'a9150ac9fb314ef680b8f57ab20a95f0', 'f40f188e022a4635a02286318f7dfad6', 'http://www.owen.com/', 'Executive far in.', 'https://gutierrez.com/', 'MV', 'Mobile', 'Android', 'Opera', '141.177.166.6', 'Mozilla/5.0 (Windows; U; Windows NT 5.2) AppleWebKit/534.13.4 (KHTML, like Gecko) Version/5.0.1 Safari/534.13.4', '2025-04-01 14:35:40'),
(401, '060d651f8d7e406892e5fdc79ceba05c', '3b3800c20c9246de803f6af338e48eee', 'http://www.weber.com/', 'Together member about table stand.', 'https://moore.biz/', 'SO', 'Mobile', 'macOS', 'Safari', '86.198.95.6', 'Opera/9.56.(Windows NT 5.0; uk-UA) Presto/2.9.170 Version/11.00', '2025-04-09 17:34:35'),
(402, 'a74b5cbf64e041329fdb03eaab0b871d', '72f07a53178343debaf7565f10bc86b0', 'http://www.mann.org/', 'Kind myself smile subject.', '', 'TZ', 'Tablet', 'Windows', 'Opera', '88.77.183.4', 'Mozilla/5.0 (Macintosh; PPC Mac OS X 10_6_2) AppleWebKit/531.1 (KHTML, like Gecko) Chrome/22.0.830.0 Safari/531.1', '2025-07-31 13:17:10');

-- --------------------------------------------------------

--
-- Table structure for table `categories`
--

CREATE TABLE `categories` (
  `id` int(11) NOT NULL,
  `name` varchar(100) NOT NULL,
  `slug` varchar(100) NOT NULL,
  `body` text DEFAULT NULL,
  `created_at` timestamp NOT NULL DEFAULT current_timestamp(),
  `updated_at` timestamp NOT NULL DEFAULT current_timestamp() ON UPDATE current_timestamp()
) ENGINE=InnoDB DEFAULT CHARSET=utf8mb4;

--
-- Dumping data for table `categories`
--

INSERT INTO `categories` (`id`, `name`, `slug`, `body`, `created_at`, `updated_at`) VALUES
(1, 'Test', 'test', NULL, '2025-06-28 22:19:28', '2025-07-02 04:09:01'),
(2, 'Sample', 'sample', NULL, '2025-07-02 04:08:36', '2025-07-02 04:08:36'),
(3, 'News', 'news', NULL, '2025-07-02 04:08:49', '2025-07-02 04:08:49'),
(4, 'Service', 'service', NULL, '2025-07-06 23:00:29', '2025-07-06 23:00:29'),
(5, 'Movies', 'movies', '<p>body&nbsp;data&nbsp;</p>', '2025-07-20 06:12:33', '2025-07-20 06:27:32');

-- --------------------------------------------------------

--
-- Table structure for table `messages`
--

CREATE TABLE `messages` (
  `id` int(11) NOT NULL,
  `reference` varchar(50) NOT NULL,
  `name` varchar(255) NOT NULL,
  `type` varchar(255) NOT NULL,
  `email` varchar(255) NOT NULL,
  `message` text NOT NULL,
  `fields` longtext CHARACTER SET utf8mb4 COLLATE utf8mb4_bin DEFAULT NULL,
  `is_seen` tinyint(1) NOT NULL DEFAULT 0,
  `created_at` timestamp NOT NULL DEFAULT current_timestamp()
) ENGINE=InnoDB DEFAULT CHARSET=utf8mb4;

--
-- Dumping data for table `messages`
--

INSERT INTO `messages` (`id`, `reference`, `name`, `type`, `email`, `message`, `fields`, `is_seen`, `created_at`) VALUES
(1, 'DW-380406-1753240531', 'hadi', 'contact', 'a@b.com', 'hola', '{\"a\":\"111\",\"b\":\"2222\"}', 0, '2025-07-23 03:15:31'),
(2, 'NO-999713-1753240567', 'john', 'contact', 'a@b.com', 'hola', '{\"a\":\"111\",\"b\":\"2222\"}', 1, '2025-07-23 03:16:07'),
(3, 'KO-653954-1753242156', 'xxx', 'contact', 'c@a.com', 'holaasdasdsdad', '{\"a\":\"111\",\"b\":\"2222\"}', 0, '2025-07-23 03:42:36'),
(4, 'RF-607297-1753243764', 'yyyy', 'contact', 'c@a.com', 'holaasdasdsdad', NULL, 0, '2025-07-23 04:09:24');

-- --------------------------------------------------------

--
-- Table structure for table `modules`
--

CREATE TABLE `modules` (
  `id` int(11) NOT NULL,
  `module_setting_id` int(11) NOT NULL,
  `title` varchar(255) DEFAULT NULL,
  `hook` varchar(255) NOT NULL,
  `group_name` varchar(255) NOT NULL,
  `status` enum('published','draft') DEFAULT 'draft',
  `created_at` timestamp NOT NULL DEFAULT current_timestamp(),
  `updated_at` timestamp NOT NULL DEFAULT current_timestamp() ON UPDATE current_timestamp()
) ENGINE=InnoDB DEFAULT CHARSET=utf8mb4;

--
-- Dumping data for table `modules`
--

INSERT INTO `modules` (`id`, `module_setting_id`, `title`, `hook`, `group_name`, `status`, `created_at`, `updated_at`) VALUES
(1, 3, 'Module 1', 'mod-6878650db82b4', '', 'published', '2025-07-17 02:51:37', '2025-07-17 02:51:37'),
(3, 3, 'Module 2', 'mod-68786c26cde95', 'test-group', 'published', '2025-07-17 03:21:19', '2025-07-24 07:36:09'),
(4, 1, 'mega', 'mod-687893ab7694b', 'test-group', 'published', '2025-07-17 06:10:58', '2025-07-24 07:35:28'),
(5, 1, 'mega 2', 'mod-687895e2d2626', '', 'draft', '2025-07-17 06:19:56', '2025-07-17 06:19:56'),
(6, 1, 'aaa', 'mod-6878979287eab', '', 'draft', '2025-07-17 06:27:46', '2025-07-17 06:27:46'),
(7, 4, 'Some text xyy', 'mod-687bd28f190a4', '', 'draft', '2025-07-19 17:15:14', '2025-07-19 17:45:58'),
(8, 3, 'video item one', 'mod-687c4925f3a08', '', 'published', '2025-07-20 01:41:52', '2025-07-20 01:41:52'),
(14, 3, 'something', 'mod-687c4eb8cd3aa', 'youtube', 'draft', '2025-07-20 02:04:53', '2025-07-20 02:04:53');

-- --------------------------------------------------------

--
-- Table structure for table `module_data`
--

CREATE TABLE `module_data` (
  `id` int(11) NOT NULL,
  `module_id` int(11) NOT NULL,
  `field_name` varchar(255) NOT NULL,
  `field_data` text NOT NULL
) ENGINE=InnoDB DEFAULT CHARSET=utf8mb4;

--
-- Dumping data for table `module_data`
--

INSERT INTO `module_data` (`id`, `module_id`, `field_name`, `field_data`) VALUES
(1, 1, 'label', 'haha'),
(2, 1, 'buttonText', 'submit'),
(3, 1, 'image', '1752720697_625643_plan.jpg'),
(5, 3, 'label', 'b'),
(6, 3, 'buttonText', 'aa'),
(7, 4, 'header', 'something'),
(8, 4, 'body', 'body text'),
(9, 4, 'another', 'another text'),
(10, 4, 'rich_text', 'rich&amp;nbsp;text&amp;nbsp;1'),
(11, 4, 'another_rich_text', 'may&amp;nbsp;be&amp;nbsp;another&amp;nbsp;rich&amp;nbsp;text&amp;nbsp;'),
(13, 4, 'image_multiple', '[\"1752947284_861288_Screenshot_1.jpg\",\"1752948284_616163_Screenshot_1.png\"]'),
(14, 4, 'attachment', '1752732658_940412_test.pdf'),
(15, 4, 'multiple_attachment', '[\"1752732658_957560_Resumedark.pdf\"]'),
(16, 5, 'header', 'wtf'),
(17, 5, 'body', 'ssdsd'),
(18, 5, 'another', 'fdfdf'),
(19, 5, 'rich_text', 'ewrqwerqeqweq'),
(20, 5, 'another_rich_text', 'ggjfgjgfhj'),
(21, 5, 'image', '1752733196_259636_IMG_3415_result.jpg'),
(22, 5, 'image_multiple', '[\"1752733196_293306_hadi_fairytale.jpg\",\"1752733196_342723_hadi-pp.jpg\"]'),
(23, 5, 'attachment', '1752733196_722713_Presidents_Honour_List_winter_2023.pdf'),
(24, 5, 'multiple_attachment', '[\"1752733196_841280_final-exam-answer-md-habibullah-al-hadi.pdf\"]'),
(25, 6, 'header', ''),
(26, 6, 'body', ''),
(27, 6, 'another', ''),
(28, 6, 'rich_text', 'asdasdsadadsdasdsdasdsadasdsada'),
(29, 6, 'another_rich_text', ''),
(30, 7, 'something_long', 'xii'),
(31, 7, 'another_long', 'yyu'),
(32, 4, 'image', '1752949155_780446_canada-post.jpg'),
(33, 6, 'image', '1752949406_390705_abworkout.jpg'),
(34, 6, 'image_multiple', '[\"1752949406_257310_Screenshot_3.png\",\"1752949406_377288_Screenshot_4.png\"]'),
(35, 6, 'attachment', '1752949424_958946_unofficial-transcript.pdf'),
(36, 6, 'multiple_attachment', '[\"1752949406_571987_Presidents_Honour_List_winter_2023.pdf\",\"1752949406_479553_Resumedark.pdf\"]'),
(37, 8, 'group', 'youtube'),
(38, 8, 'label', 'test'),
(39, 8, 'buttonText', 'Join Event'),
(40, 14, 'label', 'a'),
(41, 14, 'buttonText', 'b');

-- --------------------------------------------------------

--
-- Table structure for table `module_page`
--

CREATE TABLE `module_page` (
  `id` int(11) NOT NULL,
  `page_id` int(11) NOT NULL,
  `module_id` int(11) NOT NULL,
  `position` int(11) NOT NULL,
  `created_at` timestamp NOT NULL DEFAULT current_timestamp(),
  `updated_at` timestamp NOT NULL DEFAULT current_timestamp() ON UPDATE current_timestamp()
) ENGINE=InnoDB DEFAULT CHARSET=utf8mb4;

--
-- Dumping data for table `module_page`
--

INSERT INTO `module_page` (`id`, `page_id`, `module_id`, `position`, `created_at`, `updated_at`) VALUES
(7, 25, 14, 1, '2025-07-21 05:05:25', '2025-07-21 05:05:25'),
(8, 25, 1, 2, '2025-07-21 05:05:25', '2025-07-21 05:05:25'),
(9, 25, 3, 3, '2025-07-21 05:05:25', '2025-07-21 05:05:25');

-- --------------------------------------------------------

--
-- Table structure for table `module_settings`
--

CREATE TABLE `module_settings` (
  `id` int(11) NOT NULL,
  `name` varchar(255) NOT NULL,
  `settings` longtext CHARACTER SET utf8mb4 COLLATE utf8mb4_bin NOT NULL CHECK (json_valid(`settings`)),
  `created_at` timestamp NOT NULL DEFAULT current_timestamp(),
  `updated_at` timestamp NOT NULL DEFAULT current_timestamp() ON UPDATE current_timestamp()
) ENGINE=InnoDB DEFAULT CHARSET=utf8mb4;

--
-- Dumping data for table `module_settings`
--

INSERT INTO `module_settings` (`id`, `name`, `settings`, `created_at`, `updated_at`) VALUES
(1, 'Hero', '{\"name\":[\"header\",\"body\",\"image\",\"another\",\"rich_text\",\"image_multiple\",\"attachment\",\"multiple_attachment\",\"another_rich_text\"],\"type\":[\"text\",\"textarea\",\"image\",\"text\",\"rich-text\",\"image-multiple\",\"file\",\"file-multiple\",\"rich-text\"]}', '2025-07-09 06:34:13', '2025-07-17 06:41:12'),
(3, 'Test Module', '{\"name\":[\"label\",\"buttonText\",\"image\"],\"type\":[\"text\",\"text\",\"image\"]}', '2025-07-17 02:50:47', '2025-07-17 02:50:47'),
(4, 'Final settings', '{\"name\":[\"something_long\",\"another_long\"],\"type\":[\"text\",\"text\"]}', '2025-07-17 07:02:59', '2025-07-17 07:02:59'),
(5, 'content', '{\"name\":[\"headline\",\"subtext\",\"section_one_hl\",\"section_one_body\",\"section_one_link\",\"section_two_hl\",\"section_two_body\",\"section_two_link\",\"image\"],\"type\":[\"text\",\"textarea\",\"text\",\"rich-text\",\"text\",\"text\",\"rich-text\",\"text\",\"image\"]}', '2025-07-19 22:35:39', '2025-07-19 22:36:16');

-- --------------------------------------------------------

--
-- Table structure for table `pages`
--

CREATE TABLE `pages` (
  `id` int(11) NOT NULL,
  `title` varchar(255) NOT NULL,
  `slug` varchar(255) NOT NULL,
  `body` text DEFAULT NULL,
  `type` enum('page','blog') NOT NULL,
  `user_id` int(11) DEFAULT NULL,
  `status` enum('published','draft') DEFAULT 'draft',
  `created_at` timestamp NOT NULL DEFAULT current_timestamp(),
  `updated_at` timestamp NOT NULL DEFAULT current_timestamp() ON UPDATE current_timestamp()
) ENGINE=InnoDB DEFAULT CHARSET=utf8mb4;

--
-- Dumping data for table `pages`
--

INSERT INTO `pages` (`id`, `title`, `slug`, `body`, `type`, `user_id`, `status`, `created_at`, `updated_at`) VALUES
(1, 'Sample page 1', 'sample-page-1', 'test', 'page', NULL, 'draft', '2025-06-28 22:19:56', '2025-06-29 19:59:45'),
(2, 'Sample page 2', 'sample-page-2', NULL, 'page', 1, 'draft', '2025-06-28 22:20:05', '2025-06-28 23:08:20'),
(3, 'Sample page 3', 'sample-page-3', NULL, 'page', 1, 'draft', '2025-06-28 22:20:13', '2025-06-28 23:08:22'),
(4, 'Blog page 1', 'blog-page-1', '<p>hey&nbsp;</p>', 'blog', 1, 'published', '2025-06-28 22:20:28', '2025-07-24 04:56:32'),
(5, 'Blog page 2', 'blog-page-2', NULL, 'blog', NULL, 'draft', '2025-06-28 22:20:34', '2025-07-02 04:45:52'),
(6, 'Blog page 3', 'blog-page-3', '<p>asdsdd</p>', 'blog', NULL, 'draft', '2025-06-28 22:20:41', '2025-07-21 05:32:22'),
(12, 'About x', 'about-x', '<p>ffdfdfere&nbsp;x</p>', 'page', 1, 'published', '2025-07-03 06:01:18', '2025-07-06 23:03:02'),
(13, 'Service', 'service', 'asdsdsd', 'page', 1, 'published', '2025-07-03 06:03:55', '2025-07-04 06:24:44'),
(20, 'Contact', 'contact', 'contact&nbsp;page', 'page', 1, 'published', '2025-07-03 06:11:17', '2025-07-04 05:58:55'),
(21, 'Allow html', 'allow-html', '<p>html&nbsp;</p><p>content&nbsp;</p><p></p><p><strong>here</strong></p>', 'page', 1, 'published', '2025-07-04 06:07:34', '2025-07-07 01:55:43'),
(24, 'Another page', 'another-page', '<p>Another&nbsp;page&nbsp;here</p><p></p><p>hola</p><p>hadi</p>', 'page', 1, 'draft', '2025-07-08 06:14:45', '2025-07-08 06:14:45'),
(25, 'Page with modules', 'page-with-modules', '<div>page&nbsp;</div><div>description</div><div>here&nbsp;</div><div></div><div>mitul</div>', 'page', 1, 'published', '2025-07-20 23:05:53', '2025-08-23 21:02:59');

-- --------------------------------------------------------

--
-- Table structure for table `page_category`
--

CREATE TABLE `page_category` (
  `id` int(11) NOT NULL,
  `page_id` int(11) NOT NULL,
  `category_id` int(11) NOT NULL,
  `created_at` timestamp NOT NULL DEFAULT current_timestamp(),
  `updated_at` timestamp NOT NULL DEFAULT current_timestamp() ON UPDATE current_timestamp()
) ENGINE=InnoDB DEFAULT CHARSET=utf8mb4;

--
-- Dumping data for table `page_category`
--

INSERT INTO `page_category` (`id`, `page_id`, `category_id`, `created_at`, `updated_at`) VALUES
(1, 1, 2, '2025-07-02 04:53:17', '2025-07-02 04:53:17'),
(2, 2, 1, '2025-07-02 04:53:30', '2025-07-02 04:53:30'),
(3, 1, 1, '2025-07-02 04:53:38', '2025-07-02 04:53:38'),
(7, 13, 1, '2025-07-03 06:03:55', '2025-07-03 06:03:55'),
(10, 12, 4, '2025-07-06 23:01:11', '2025-07-06 23:01:11'),
(11, 12, 3, '2025-07-06 23:02:32', '2025-07-06 23:02:32'),
(16, 25, 1, '2025-07-21 04:45:18', '2025-07-21 04:45:18'),
(17, 4, 1, '2025-07-24 04:56:32', '2025-07-24 04:56:32');

-- --------------------------------------------------------

--
-- Table structure for table `settings`
--

CREATE TABLE `settings` (
  `id` int(11) NOT NULL,
  `item` varchar(100) NOT NULL,
  `value` text NOT NULL,
  `updated_at` timestamp NOT NULL DEFAULT current_timestamp() ON UPDATE current_timestamp()
) ENGINE=InnoDB DEFAULT CHARSET=utf8mb4;

--
-- Dumping data for table `settings`
--

INSERT INTO `settings` (`id`, `item`, `value`, `updated_at`) VALUES
(1, 'a', 'b', '2025-07-22 05:25:00'),
(3, 'aaa', 'ccccddd', '2025-07-22 05:28:49'),
(4, 'facebook', 'http://facebook.com/?something=2', '2025-07-22 05:32:59');

-- --------------------------------------------------------

--
-- Table structure for table `users`
--

CREATE TABLE `users` (
  `id` int(11) NOT NULL,
  `name` varchar(150) DEFAULT NULL,
  `email` varchar(150) NOT NULL,
  `password` varchar(255) NOT NULL,
  `role` varchar(50) DEFAULT 'user',
  `last_logged_in` datetime DEFAULT NULL,
  `created_at` timestamp NOT NULL DEFAULT current_timestamp(),
  `updated_at` timestamp NOT NULL DEFAULT current_timestamp() ON UPDATE current_timestamp()
) ENGINE=InnoDB DEFAULT CHARSET=utf8mb4;

--
-- Dumping data for table `users`
--

INSERT INTO `users` (`id`, `name`, `email`, `password`, `role`, `last_logged_in`, `created_at`, `updated_at`) VALUES
(1, 'Md Habibullah Al Hadi', 'me@habibhadi.com', '$2y$10$haTZD/tFQwxqmr/KfB5Areb45yQGqxPTc0tPFNS32gBMLARkFRXS2', 'Administrator', '2025-08-25 08:21:52', '2025-06-26 05:01:42', '2025-08-26 04:38:51');

--
-- Indexes for dumped tables
--

--
-- Indexes for table `analytics`
--
ALTER TABLE `analytics`
  ADD PRIMARY KEY (`id`),
  ADD KEY `idx_visitor` (`visitor_id`),
  ADD KEY `idx_session` (`session_id`),
  ADD KEY `idx_time` (`visit_time`),
  ADD KEY `idx_country` (`country`);

--
-- Indexes for table `categories`
--
ALTER TABLE `categories`
  ADD PRIMARY KEY (`id`),
  ADD UNIQUE KEY `slug` (`slug`);

--
-- Indexes for table `messages`
--
ALTER TABLE `messages`
  ADD PRIMARY KEY (`id`),
  ADD UNIQUE KEY `reference` (`reference`);

--
-- Indexes for table `modules`
--
ALTER TABLE `modules`
  ADD PRIMARY KEY (`id`),
  ADD UNIQUE KEY `hook` (`hook`),
  ADD KEY `module_setting_id` (`module_setting_id`);

--
-- Indexes for table `module_data`
--
ALTER TABLE `module_data`
  ADD PRIMARY KEY (`id`),
  ADD KEY `module_id` (`module_id`);

--
-- Indexes for table `module_page`
--
ALTER TABLE `module_page`
  ADD PRIMARY KEY (`id`),
  ADD KEY `page_id` (`page_id`),
  ADD KEY `module_id` (`module_id`);

--
-- Indexes for table `module_settings`
--
ALTER TABLE `module_settings`
  ADD PRIMARY KEY (`id`),
  ADD UNIQUE KEY `name` (`name`);

--
-- Indexes for table `pages`
--
ALTER TABLE `pages`
  ADD PRIMARY KEY (`id`),
  ADD UNIQUE KEY `slug` (`slug`),
  ADD KEY `user_id` (`user_id`);

--
-- Indexes for table `page_category`
--
ALTER TABLE `page_category`
  ADD PRIMARY KEY (`id`),
  ADD KEY `page_category_ibfk_1` (`category_id`),
  ADD KEY `page_category_ibfk_2` (`page_id`);

--
-- Indexes for table `settings`
--
ALTER TABLE `settings`
  ADD PRIMARY KEY (`id`),
  ADD UNIQUE KEY `item` (`item`);

--
-- Indexes for table `users`
--
ALTER TABLE `users`
  ADD PRIMARY KEY (`id`),
  ADD UNIQUE KEY `email` (`email`);

--
-- AUTO_INCREMENT for dumped tables
--

--
-- AUTO_INCREMENT for table `analytics`
--
ALTER TABLE `analytics`
  MODIFY `id` int(11) NOT NULL AUTO_INCREMENT, AUTO_INCREMENT=403;

--
-- AUTO_INCREMENT for table `categories`
--
ALTER TABLE `categories`
  MODIFY `id` int(11) NOT NULL AUTO_INCREMENT, AUTO_INCREMENT=7;

--
-- AUTO_INCREMENT for table `messages`
--
ALTER TABLE `messages`
  MODIFY `id` int(11) NOT NULL AUTO_INCREMENT, AUTO_INCREMENT=5;

--
-- AUTO_INCREMENT for table `modules`
--
ALTER TABLE `modules`
  MODIFY `id` int(11) NOT NULL AUTO_INCREMENT, AUTO_INCREMENT=15;

--
-- AUTO_INCREMENT for table `module_data`
--
ALTER TABLE `module_data`
  MODIFY `id` int(11) NOT NULL AUTO_INCREMENT, AUTO_INCREMENT=42;

--
-- AUTO_INCREMENT for table `module_page`
--
ALTER TABLE `module_page`
  MODIFY `id` int(11) NOT NULL AUTO_INCREMENT, AUTO_INCREMENT=10;

--
-- AUTO_INCREMENT for table `module_settings`
--
ALTER TABLE `module_settings`
  MODIFY `id` int(11) NOT NULL AUTO_INCREMENT, AUTO_INCREMENT=6;

--
-- AUTO_INCREMENT for table `pages`
--
ALTER TABLE `pages`
  MODIFY `id` int(11) NOT NULL AUTO_INCREMENT, AUTO_INCREMENT=26;

--
-- AUTO_INCREMENT for table `page_category`
--
ALTER TABLE `page_category`
  MODIFY `id` int(11) NOT NULL AUTO_INCREMENT, AUTO_INCREMENT=18;

--
-- AUTO_INCREMENT for table `settings`
--
ALTER TABLE `settings`
  MODIFY `id` int(11) NOT NULL AUTO_INCREMENT, AUTO_INCREMENT=6;

--
-- AUTO_INCREMENT for table `users`
--
ALTER TABLE `users`
  MODIFY `id` int(11) NOT NULL AUTO_INCREMENT, AUTO_INCREMENT=2;

--
-- Constraints for dumped tables
--

--
-- Constraints for table `modules`
--
ALTER TABLE `modules`
  ADD CONSTRAINT `modules_ibfk_1` FOREIGN KEY (`module_setting_id`) REFERENCES `module_settings` (`id`);

--
-- Constraints for table `module_data`
--
ALTER TABLE `module_data`
  ADD CONSTRAINT `module_data_ibfk_1` FOREIGN KEY (`module_id`) REFERENCES `modules` (`id`) ON DELETE CASCADE;

--
-- Constraints for table `module_page`
--
ALTER TABLE `module_page`
  ADD CONSTRAINT `module_page_ibfk_1` FOREIGN KEY (`page_id`) REFERENCES `pages` (`id`) ON DELETE CASCADE,
  ADD CONSTRAINT `module_page_ibfk_2` FOREIGN KEY (`module_id`) REFERENCES `modules` (`id`) ON DELETE CASCADE;

--
-- Constraints for table `pages`
--
ALTER TABLE `pages`
  ADD CONSTRAINT `pages_ibfk_1` FOREIGN KEY (`user_id`) REFERENCES `users` (`id`) ON DELETE SET NULL;

--
-- Constraints for table `page_category`
--
ALTER TABLE `page_category`
  ADD CONSTRAINT `page_category_ibfk_1` FOREIGN KEY (`category_id`) REFERENCES `categories` (`id`) ON DELETE CASCADE,
  ADD CONSTRAINT `page_category_ibfk_2` FOREIGN KEY (`page_id`) REFERENCES `pages` (`id`) ON DELETE CASCADE;
COMMIT;

/*!40101 SET CHARACTER_SET_CLIENT=@OLD_CHARACTER_SET_CLIENT */;
/*!40101 SET CHARACTER_SET_RESULTS=@OLD_CHARACTER_SET_RESULTS */;
/*!40101 SET COLLATION_CONNECTION=@OLD_COLLATION_CONNECTION */;
